base_section_id,title,status,md_tables,md_rows,db_chunks,db_tables,db_rows,coverage_pct,issue_types,details,chunk_ids
11-2-6,녹막이 페인트칠,FAIL,3,13,1,1,2,15.4,ROW_MISSING;COL_MISMATCH,"원본 13행 vs DB 2행 (coverage 15.4%) | 원본에만 있는 컬럼 수: {5} (MD: [3, 5], DB: [3])",C-0776
8-4-5,[40]콘크리트기계,FAIL,2,32,1,1,5,15.6,ROW_MISSING,원본 32행 vs DB 5행 (coverage 15.6%),C-0307
2-8-2,낙하물 방지망(플라잉넷) 설치 및 해체,FAIL,6,12,1,1,2,16.7,ROW_MISSING;COL_MISMATCH,"원본 12행 vs DB 2행 (coverage 16.7%) | 원본에만 있는 컬럼 수: {10} (MD: [4, 10], DB: [4])",C-0077
3-5-2,암반청소,FAIL,3,14,1,1,3,21.4,ROW_MISSING;COL_MISMATCH,"원본 14행 vs DB 3행 (coverage 21.4%) | 원본에만 있는 컬럼 수: {12, 7} (MD: [6, 7, 12], DB: [6])",C-0144
11-2-3,수성페인트 뿜칠,FAIL,4,11,1,2,3,27.3,ROW_MISSING;COL_MISMATCH,"원본 11행 vs DB 3행 (coverage 27.3%) | 원본에만 있는 컬럼 수: {6} (MD: [3, 6], DB: [3])",C-0773
2-10-5,조립식 간이흙막이 설치 및 해체,FAIL,3,11,1,1,3,27.3,ROW_MISSING;COL_MISMATCH,"원본 11행 vs DB 3행 (coverage 27.3%) | 원본에만 있는 컬럼 수: {8, 6} (MD: [6, 8], DB: [7])",C-0105
2-4-6,하수관 준설(버킷식),FAIL,3,11,1,1,3,27.3,ROW_MISSING;COL_MISMATCH,"원본 11행 vs DB 3행 (coverage 27.3%) | 원본에만 있는 컬럼 수: {8} (MD: [5, 8], DB: [5])",C-1121
6-7-6,PC거더 설치,FAIL,3,18,1,1,5,27.8,ROW_MISSING,원본 18행 vs DB 5행 (coverage 27.8%),C-0239
2-9-1,타워크레인 방호울타리 설치 및 해체,FAIL,5,7,1,2,2,28.6,ROW_MISSING;COL_MISMATCH,"원본 7행 vs DB 2행 (coverage 28.6%) | 원본에만 있는 컬럼 수: {6} (MD: [3, 5, 6], DB: [3, 5])",C-0089
5-4-4,단열재 핀사용 붙이기,FAIL,10,28,1,3,8,28.6,ROW_MISSING;COL_MISMATCH,"원본 28행 vs DB 8행 (coverage 28.6%) | 원본에만 있는 컬럼 수: {7} (MD: [3, 5, 7], DB: [3, 5])",C-0680
3-4-4,뒤채움 및 다짐(소형장비),FAIL,5,17,1,1,5,29.4,ROW_MISSING;COL_MISMATCH,"원본 17행 vs DB 5행 (coverage 29.4%) | 원본에만 있는 컬럼 수: {8} (MD: [5, 8], DB: [5])",C-0137
2-1-13,일체형 맨홀추락방지망 설치(보도구간),FAIL,2,12,1,1,4,33.3,ROW_MISSING,원본 12행 vs DB 4행 (coverage 33.3%),C-1080
2-7-3,강관틀 비계 설치 및 해체,FAIL,3,6,1,1,2,33.3,ROW_MISSING;COL_MISMATCH,"원본 6행 vs DB 2행 (coverage 33.3%) | 원본에만 있는 컬럼 수: {6, 7} (MD: [6, 7], DB: [5])",C-0072
3-3-6,암발파(대규모발파 TYPE-Ⅵ),FAIL,8,24,1,4,8,33.3,ROW_MISSING,원본 24행 vs DB 8행 (coverage 33.3%),C-0130
3-4-7,되메우기 및 다짐(대형장비),FAIL,3,17,1,1,6,35.3,ROW_MISSING,원본 17행 vs DB 6행 (coverage 35.3%),C-0140
1-8-13,유색포장(미끄럼방지),FAIL,4,13,1,2,5,38.5,ROW_MISSING;COL_MISMATCH,"원본 13행 vs DB 5행 (coverage 38.5%) | 원본에만 있는 컬럼 수: {11, 7} (MD: [2, 7, 11], DB: [2, 6])",C-0369
1-6-4,콘크리트 표층 기계포설(대형장비),FAIL,2,14,1,1,6,42.9,ROW_MISSING;COL_MISMATCH,"원본 14행 vs DB 6행 (coverage 42.9%) | 원본에만 있는 컬럼 수: {8} (MD: [8], DB: [7])",C-0351
4-4-3,잔디블록 포장,FAIL,3,9,1,1,4,44.4,ROW_MISSING;COL_MISMATCH,"원본 9행 vs DB 4행 (coverage 44.4%) | 원본에만 있는 컬럼 수: {10} (MD: [5, 10], DB: [5])",C-0180
1-8-11,중앙분리대 설치(가드레일식),FAIL,3,13,1,1,6,46.2,ROW_MISSING;COL_MISMATCH,"원본 13행 vs DB 6행 (coverage 46.2%) | 원본에만 있는 컬럼 수: {11, 7} (MD: [7, 11], DB: [6])",C-0367
13-7-3,노체 4본주 및 DECK 설치,WARN,3,18,1,2,9,50.0,ROW_PARTIAL,원본 18행 vs DB 9행 (coverage 50.0%),C-1001
3-2-7,도배 해체,WARN,4,6,1,2,3,50.0,ROW_PARTIAL,원본 6행 vs DB 3행 (coverage 50.0%),C-1140
3-8-1,패널 설치,WARN,4,14,1,2,7,50.0,ROW_PARTIAL;COL_MISMATCH,"원본 14행 vs DB 7행 (coverage 50.0%) | 원본에만 있는 컬럼 수: {5} (MD: [4, 5], DB: [4])",C-0153
4-4-5,녹지경계분리재 설치,WARN,2,4,1,1,2,50.0,ROW_PARTIAL;COL_MISMATCH,"원본 4행 vs DB 2행 (coverage 50.0%) | 원본에만 있는 컬럼 수: {6} (MD: [4, 6], DB: [4])",C-0182
5-3-7,도배바름,WARN,13,34,1,5,17,50.0,ROW_PARTIAL;COL_MISMATCH,"원본 34행 vs DB 17행 (coverage 50.0%) | 원본에만 있는 컬럼 수: {6} (MD: [3, 4, 5, 6, 9], DB: [3, 4, 5, 9])",C-NEW-0030
5-4-2,단열재 접착제 붙이기,WARN,14,32,1,6,16,50.0,ROW_PARTIAL,원본 32행 vs DB 16행 (coverage 50.0%),C-NEW-0031
5-4-7,단열재 슬래브위 깔기,WARN,10,28,1,5,14,50.0,ROW_PARTIAL,원본 28행 vs DB 14행 (coverage 50.0%),C-NEW-0032
13-7-18,가열로 및 균열로 부속기기 조립설치,WARN,2,13,1,1,7,53.8,ROW_PARTIAL,원본 13행 vs DB 7행 (coverage 53.8%),C-1011
2-3-3,블록 붙이기(기계),WARN,2,5,1,1,3,60.0,ROW_PARTIAL,원본 5행 vs DB 3행 (coverage 60.0%),C-0384
2-11-9,지능형 출입관리 설치 및 해체,WARN,4,8,1,2,5,62.5,ROW_PARTIAL;COL_MISMATCH,"원본 8행 vs DB 5행 (coverage 62.5%) | 원본에만 있는 컬럼 수: {6} (MD: [4, 6], DB: [4])",C-0113
1-8-5,시선유도표지 설치,WARN,8,11,1,4,7,63.6,ROW_PARTIAL;COL_MISMATCH,"원본 11행 vs DB 7행 (coverage 63.6%) | 원본에만 있는 컬럼 수: {9, 7} (MD: [4, 6, 7, 8, 9], DB: [4, 6, 8])",C-0361
13-9-4,오수처리시설 설치,WARN,6,11,1,4,7,63.6,ROW_PARTIAL,원본 11행 vs DB 7행 (coverage 63.6%),C-1027
6-1-7,콘크리트 현장양생공시체 제작,WARN,5,12,1,3,8,66.7,ROW_PARTIAL,원본 12행 vs DB 8행 (coverage 66.7%),C-0207
2-2-12,도상갱환,WARN,4,11,1,4,8,72.7,ROW_PARTIAL;COL_MISMATCH,"원본 11행 vs DB 8행 (coverage 72.7%) | 원본에만 있는 컬럼 수: {5} (MD: [3, 5], DB: [3, 4])",C-1110
2-9-10,점멸등 설치 및 해체,WARN,7,11,1,5,8,72.7,ROW_PARTIAL;COL_MISMATCH,"원본 11행 vs DB 8행 (coverage 72.7%) | 원본에만 있는 컬럼 수: {6} (MD: [3, 4, 5, 6, 8], DB: [3, 4, 5, 8])",C-0098
2-5-2,도로용 목재 수평규준틀 설치 및 철거,WARN,4,8,1,3,6,75.0,ROW_PARTIAL,원본 8행 vs DB 6행 (coverage 75.0%),C-0063
2-7-6,타워형 가설 계단 설치 및 해체,WARN,5,17,1,3,13,76.5,ROW_PARTIAL;COL_MISMATCH,"원본 17행 vs DB 13행 (coverage 76.5%) | 원본에만 있는 컬럼 수: {6} (MD: [4, 5, 6], DB: [4, 5])",C-0075
1-5-6,사용료,INFO,1,10,2,1,8,80.0,ROW_MINOR_DIFF;COL_MISMATCH,"원본 10행 vs DB 8행 (coverage 80.0%) | 원본에만 있는 컬럼 수: {7} (MD: [7], DB: [5])","C-0038, C-0343"
8-2-19,콘크리트 운반,INFO,2,5,1,2,4,80.0,ROW_MINOR_DIFF;COL_MISMATCH,"원본 5행 vs DB 4행 (coverage 80.0%) | 원본에만 있는 컬럼 수: {5, 7} (MD: [5, 7], DB: [6, 8])",C-0277
8-5-1,[00]토공기계,INFO,10,100,3,4,80,80.0,ROW_MINOR_DIFF;COL_MISMATCH,"원본 100행 vs DB 80행 (coverage 80.0%) | 원본에만 있는 컬럼 수: {9, 11, 20, 6} (MD: [3, 6, 9, 11, 20], DB: [3])","C-0313-A, C-0313-B, C-0313-C"
8-2-4,트랜처,INFO,11,46,4,12,37,80.4,ROW_MINOR_DIFF;COL_MISMATCH,"원본 46행 vs DB 37행 (coverage 80.4%) | 원본에만 있는 컬럼 수: {6} (MD: [3, 4, 6, 8], DB: [3, 4, 5, 8])","C-0262, C-0496, C-0736, C-0873"
3-2-4,터파기(기계),INFO,16,36,5,12,29,80.6,ROW_MINOR_DIFF;COL_MISMATCH,"원본 36행 vs DB 29행 (coverage 80.6%) | 원본에만 있는 컬럼 수: {3, 6, 7, 12, 18} (MD: [2, 3, 5, 6, 7, 9, 12, 18], DB: [2, 5, 8, 9])","C-0124-A, C-0124-B, C-0392, C-0658, C-1138"
6-8-1,주철제 게이트 제수밸브 부설 및 접합,INFO,2,26,1,1,21,80.8,ROW_MINOR_DIFF,원본 26행 vs DB 21행 (coverage 80.8%),C-0462
7-2-1,메붙임,INFO,21,43,2,18,35,81.4,ROW_MINOR_DIFF,원본 43행 vs DB 35행 (coverage 81.4%),"C-0246, C-0474"
11-3-3,석재도료칠,INFO,4,11,2,5,9,81.8,ROW_MINOR_DIFF;COL_MISMATCH,"원본 11행 vs DB 9행 (coverage 81.8%) | 원본에만 있는 컬럼 수: {6, 7} (MD: [3, 5, 6, 7], DB: [3, 4, 5])","C-0783, C-0929"
1-3-3,데크플레이트 설치,INFO,13,34,4,9,28,82.4,ROW_MINOR_DIFF;COL_MISMATCH,"원본 34행 vs DB 28행 (coverage 82.4%) | 원본에만 있는 컬럼 수: {6} (MD: [3, 4, 5, 6], DB: [3, 4, 5])","C-0332, C-0638, C-0795, C-1061"
6-6-1,교량받침 설치(육상),INFO,9,63,5,6,52,82.5,ROW_MINOR_DIFF;COL_MISMATCH,"원본 63행 vs DB 52행 (coverage 82.5%) | 원본에만 있는 컬럼 수: {8, 9, 6} (MD: [3, 5, 6, 7, 8, 9], DB: [3, 5, 7])","C-0228-A, C-0228-B, C-0228-C, C-0451, C-0715"
13-4-3,STORAGE TANK,INFO,14,77,9,10,64,83.1,ROW_MINOR_DIFF;COL_MISMATCH,"원본 77행 vs DB 64행 (coverage 83.1%) | 원본에만 있는 컬럼 수: {8, 9, 20} (MD: [4, 5, 7, 8, 9, 10, 20], DB: [4, 5, 6, 7, 10])","C-0964-B, C-0964-C, C-0964-A-d, C-0964-A-e, C-0964-A-f, C-0964-A-a, C-0964-A-b, C-0964-D, C-0964-A-c"
10-4-3,코킹,INFO,5,6,2,5,5,83.3,ROW_MINOR_DIFF,원본 6행 vs DB 5행 (coverage 83.3%),"C-0763, C-0910"
13-11-5,공사별 설치 소모자재[참고],INFO,3,48,4,4,40,83.3,ROW_MINOR_DIFF;COL_MISMATCH,"원본 48행 vs DB 40행 (coverage 83.3%) | 원본에만 있는 컬럼 수: {4} (MD: [4, 9], DB: [9])","C-1038-A, C-1038-B, C-1038-C, C-1038-D"
6-2-3,관 절단,INFO,15,44,3,9,37,84.1,ROW_MINOR_DIFF;COL_MISMATCH,"원본 44행 vs DB 37행 (coverage 84.1%) | 원본에만 있는 컬럼 수: {8, 3, 7} (MD: [3, 4, 5, 6, 7, 8], DB: [4, 5, 6])","C-0210, C-0438, C-0705"
10-5-1,압력공기탱크설치,INFO,7,13,1,6,11,84.6,ROW_MINOR_DIFF;COL_MISMATCH,"원본 13행 vs DB 11행 (coverage 84.6%) | 원본에만 있는 컬럼 수: {6} (MD: [3, 4, 5, 6], DB: [3, 4, 5])",C-0912
3-9-2,뿌리뽑기,INFO,3,20,1,2,17,85.0,ROW_MINOR_DIFF;COL_MISMATCH,"원본 20행 vs DB 17행 (coverage 85.0%) | 원본에만 있는 컬럼 수: {10, 7} (MD: [6, 7, 10], DB: [6, 12])",C-0158
9-5-1,항공사진촬영,INFO,15,103,12,16,88,85.4,ROW_MINOR_DIFF;COL_MISMATCH,"원본 103행 vs DB 88행 (coverage 85.4%) | 원본에만 있는 컬럼 수: {11} (MD: [4, 5, 6, 9, 11, 14], DB: [4, 5, 6, 8, 9, 14])","C-0530-D, C-0530-A-a, C-0530-A-b, C-0530-B, C-0530-C, C-0530-F, C-0530-G, C-0530-H, C-0530-I, C-0530-E, C-0530-J, C-0899"
1-4-7,작업환경,INFO,6,14,1,6,12,85.7,ROW_MINOR_DIFF,원본 14행 vs DB 12행 (coverage 85.7%),C-0031
3-3-2,재도장 시 바탕처리(철재면),INFO,4,7,2,2,6,85.7,ROW_MINOR_DIFF;COL_MISMATCH,"원본 7행 vs DB 6행 (coverage 85.7%) | 원본에만 있는 컬럼 수: {5} (MD: [4, 5, 6], DB: [4, 6])","C-0126, C-0826"
8-1-3,운반 및 수송,INFO,9,102,10,9,88,86.3,ROW_MINOR_DIFF;COL_MISMATCH,"원본 102행 vs DB 88행 (coverage 86.3%) | 원본에만 있는 컬럼 수: {8, 17, 3, 14} (MD: [2, 3, 8, 9, 14, 17], DB: [2, 7, 9, 12])","C-0253-a, C-0253-b, C-0253-c, C-0491, C-0868-A, C-0868-B, C-0868-C, C-0868-D, C-0868-E, C-0868-F"
8-5-9,[80]스마트 건설장비,INFO,2,75,1,3,65,86.7,ROW_MINOR_DIFF,원본 75행 vs DB 65행 (coverage 86.7%),C-0321
1-5-1,텍코팅 및 프라임 코팅 살포,INFO,3,16,3,2,14,87.5,ROW_MINOR_DIFF,원본 16행 vs DB 14행 (coverage 87.5%),"C-0033, C-0338, C-0801"
6-5-3,소켓융착 접합 및 부설,INFO,4,16,2,4,14,87.5,ROW_MINOR_DIFF,원본 16행 vs DB 14행 (coverage 87.5%),"C-0448, C-0713"
5-2-3,플라스틱 보드 드레인(PBD),INFO,11,41,3,9,36,87.8,ROW_MINOR_DIFF;COL_MISMATCH,"원본 41행 vs DB 36행 (coverage 87.8%) | 원본에만 있는 컬럼 수: {11, 6, 7} (MD: [2, 3, 5, 6, 7, 11], DB: [2, 3, 4, 5, 9])","C-0193-A, C-0193-B, C-0430"
1-2-4,재료 및 자재의 단가,INFO,8,89,10,11,79,88.8,ROW_MINOR_DIFF;COL_MISMATCH,"원본 89행 vs DB 79행 (coverage 88.8%) | 원본에만 있는 컬럼 수: {9, 13} (MD: [2, 3, 4, 5, 9, 13], DB: [2, 3, 4, 5, 7, 8, 12])","C-1047-B, C-1047-C, C-0010-B, C-0010-A, C-0010-C, C-0010-D, C-0010-E, C-0010-F, C-0633, C-1047-A"
2-8-14,엘리베이터 추락방호망 설치 및 해체,INFO,7,9,1,6,8,88.9,ROW_MINOR_DIFF,원본 9행 vs DB 8행 (coverage 88.9%),C-0084
8-2-14,압쇄기(콘크리트 소할용),INFO,5,9,1,5,8,88.9,ROW_MINOR_DIFF,원본 9행 vs DB 8행 (coverage 88.9%),C-0272
8-4-1,[00]토공기계,INFO,9,96,6,8,86,89.6,ROW_MINOR_DIFF;COL_MISMATCH,"원본 96행 vs DB 86행 (coverage 89.6%) | 원본에만 있는 컬럼 수: {13, 4, 12} (MD: [3, 4, 6, 12, 13], DB: [3, 6, 11])","C-0303-A, C-0303-B, C-0303-C, C-0303-D, C-0504, C-0883"
3-1-2,터널 여굴(餘掘)량,INFO,6,29,4,4,26,89.7,ROW_MINOR_DIFF;COL_MISMATCH,"원본 29행 vs DB 26행 (coverage 89.7%) | 원본에만 있는 컬럼 수: {2, 7} (MD: [2, 3, 5, 7], DB: [3, 5, 6])","C-0820, C-0119, C-0387, C-1131"
7-2-4,수상고르기,INFO,3,10,3,4,9,90.0,ROW_MINOR_DIFF;COL_MISMATCH,"원본 10행 vs DB 9행 (coverage 90.0%) | 원본에만 있는 컬럼 수: {9, 5} (MD: [5, 9], DB: [3, 8])","C-0477, C-0726, C-0860"
9-2-5,4급 GNSS 높이측량,INFO,6,21,4,6,19,90.5,ROW_MINOR_DIFF;COL_MISMATCH,"원본 21행 vs DB 19행 (coverage 90.5%) | 원본에만 있는 컬럼 수: {13} (MD: [1, 3, 4, 13], DB: [1, 3, 4, 11])","C-0518-A-c, C-0518-B, C-0518-A-a, C-0518-A-b"
2-1-31,보도용 블록 소규모보수,INFO,4,11,1,4,10,90.9,ROW_MINOR_DIFF;COL_MISMATCH,"원본 11행 vs DB 10행 (coverage 90.9%) | 원본에만 있는 컬럼 수: {7} (MD: [2, 5, 7], DB: [2, 5, 6])",C-1095
2-3-1,식생매트 설치,INFO,7,23,3,7,21,91.3,ROW_MINOR_DIFF;COL_MISMATCH,"원본 23행 vs DB 21행 (coverage 91.3%) | 원본에만 있는 컬럼 수: {4} (MD: [4, 5, 6, 7], DB: [5, 6, 7])","C-0053, C-0382, C-1114"
1-2-5,인력,INFO,6,24,3,7,22,91.7,ROW_MINOR_DIFF,원본 24행 vs DB 22행 (coverage 91.7%),"C-0011, C-1048, C-0634"
2-1-32,보차도 및 도로경계블록 철거,INFO,2,12,1,2,11,91.7,ROW_MINOR_DIFF;COL_MISMATCH,"원본 12행 vs DB 11행 (coverage 91.7%) | 원본에만 있는 컬럼 수: {6} (MD: [2, 6], DB: [2, 7])",C-1096
3-4-2,작업대차 조립 및 해체,INFO,6,12,3,6,11,91.7,ROW_MINOR_DIFF;COL_MISMATCH,"원본 12행 vs DB 11행 (coverage 91.7%) | 원본에만 있는 컬럼 수: {6} (MD: [3, 6], DB: [3, 4, 5])","C-0135, C-0829, C-1147"
4-5-1,가스압접,INFO,2,12,1,2,11,91.7,ROW_MINOR_DIFF;COL_MISMATCH,"원본 12행 vs DB 11행 (coverage 91.7%) | 원본에만 있는 컬럼 수: {6} (MD: [5, 6], DB: [4, 5])",C-0413
6-7-3,PC BOX 설치,INFO,5,36,4,6,33,91.7,ROW_MINOR_DIFF;COL_MISMATCH,"원본 36행 vs DB 33행 (coverage 91.7%) | 원본에만 있는 컬럼 수: {8, 16, 10} (MD: [2, 8, 10, 16], DB: [2, 7])","C-0236, C-0458-A, C-0458-B, C-0458-C"
8-2-26,유압식 압입 인발기(유압식 압입 인발공),INFO,6,12,1,6,11,91.7,ROW_MINOR_DIFF;COL_MISMATCH,"원본 12행 vs DB 11행 (coverage 91.7%) | 원본에만 있는 컬럼 수: {3} (MD: [2, 3, 4, 5, 6], DB: [2, 4, 5, 6])",C-0284
9-7-3,토지구획정리 신규등록 측량(수치),INFO,6,48,8,8,44,91.7,ROW_MINOR_DIFF;COL_MISMATCH,"원본 48행 vs DB 44행 (coverage 91.7%) | 원본에만 있는 컬럼 수: {5} (MD: [5, 7, 8], DB: [6, 7, 8])","C-0592-D, C-0547-A-a, C-0547-B, C-0547-A-b, C-0592-A-a, C-0592-A-b, C-0592-B, C-0592-C"
9-7-4,경지구획정리 신규등록 측량(수치),INFO,4,36,4,6,33,91.7,ROW_MINOR_DIFF;COL_MISMATCH,"원본 36행 vs DB 33행 (coverage 91.7%) | 원본에만 있는 컬럼 수: {5} (MD: [5, 7], DB: [6, 7])","C-0548-A, C-0548-B, C-0593-A, C-0593-B"
5-3-1,기성말뚝 기초,INFO,23,75,11,20,69,92.0,ROW_MINOR_DIFF;COL_MISMATCH,"원본 75행 vs DB 69행 (coverage 92.0%) | 원본에만 있는 컬럼 수: {9} (MD: [2, 3, 4, 5, 6, 7, 8, 9], DB: [2, 3, 4, 5, 6, 7, 8, 15])","C-0196-A-b, C-0196-A-a, C-0196-A-c, C-0196-A-d, C-0196-A-e, C-0196-B, C-0196-C, C-0196-D, C-0674, C-0690, C-0844"
3-11-4,머신 컨트롤(MC) 불도우저,INFO,5,13,1,4,12,92.3,ROW_MINOR_DIFF,원본 13행 vs DB 12행 (coverage 92.3%),C-0163
9-9-2,분할측량(수치),INFO,10,43,12,10,40,93.0,ROW_MINOR_DIFF,원본 43행 vs DB 40행 (coverage 93.0%),"C-0554-A-c, C-0554-A-d, C-0554-A-a, C-0554-A-b, C-0554-A-e, C-0554-B, C-0599-A-a, C-0599-A-b, C-0599-A-c, C-0599-A-d, C-0599-A-e, C-0599-B"
9-11-2,경지구획정리 지적확정측량,INFO,8,58,6,10,54,93.1,ROW_MINOR_DIFF;COL_MISMATCH,"원본 58행 vs DB 54행 (coverage 93.1%) | 원본에만 있는 컬럼 수: {5} (MD: [4, 5, 7], DB: [4, 6, 7])","C-0560-A-a, C-0560-A-b, C-0560-B, C-0605-A-a, C-0605-A-b, C-0605-B"
1-2-20,가로수 제거,INFO,2,15,1,2,14,93.3,ROW_MINOR_DIFF;COL_MISMATCH,"원본 15행 vs DB 14행 (coverage 93.3%) | 원본에만 있는 컬럼 수: {5} (MD: [3, 5], DB: [3, 6])",C-1059
9-2-2,1급 수준측량,INFO,12,31,4,8,29,93.5,ROW_MINOR_DIFF;COL_MISMATCH,"원본 31행 vs DB 29행 (coverage 93.5%) | 원본에만 있는 컬럼 수: {18, 4, 5} (MD: [3, 4, 5, 6, 8, 18], DB: [3, 6, 8, 15])","C-0515-A, C-0515-B, C-0515-C, C-0891"
1-7-2,보도용 블록 설치(대형),INFO,4,16,1,4,15,93.8,ROW_MINOR_DIFF;COL_MISMATCH,"원본 16행 vs DB 15행 (coverage 93.8%) | 원본에만 있는 컬럼 수: {9} (MD: [2, 9], DB: [2, 7])",C-0355
9-2-4,3급 GNSS 높이측량,INFO,3,16,2,3,15,93.8,ROW_MINOR_DIFF;COL_MISMATCH,"원본 16행 vs DB 15행 (coverage 93.8%) | 원본에만 있는 컬럼 수: {13} (MD: [3, 4, 13], DB: [3, 4, 11])","C-0517-A, C-0517-B"
9-8-2,등록전환 측량(수치),INFO,8,32,2,8,30,93.8,ROW_MINOR_DIFF,원본 32행 vs DB 30행 (coverage 93.8%),"C-0551, C-0596"
6-3-9,지수판 설치,INFO,6,17,1,6,16,94.1,ROW_MINOR_DIFF,원본 17행 vs DB 16행 (coverage 94.1%),C-0219
9-10-1,축척변경 측량(도해지역에서 도해지역으로),INFO,12,35,2,12,33,94.3,ROW_MINOR_DIFF,원본 35행 vs DB 33행 (coverage 94.3%),"C-0601, C-0556"
2-1-30,보도용 블록 재설치(대형),INFO,4,18,1,4,17,94.4,ROW_MINOR_DIFF;COL_MISMATCH,"원본 18행 vs DB 17행 (coverage 94.4%) | 원본에만 있는 컬럼 수: {9} (MD: [2, 9], DB: [2, 7])",C-1094
6-3-2,강재거푸집 설치 및 해체,INFO,5,39,4,6,37,94.9,ROW_MINOR_DIFF;COL_MISMATCH,"원본 39행 vs DB 37행 (coverage 94.9%) | 원본에만 있는 컬럼 수: {10} (MD: [4, 5, 10], DB: [4, 5, 7])","C-0213, C-0441-A, C-0441-B, C-0441-C"
1-4-5,위험,PASS,4,20,1,4,19,95.0,,,C-0030
6-7-5,강관압입추진공,INFO,5,40,7,8,38,95.0,COL_MISMATCH,"원본에만 있는 컬럼 수: {16, 3, 7} (MD: [3, 7, 9, 10, 16], DB: [5, 6, 8, 9, 10])","C-0460-F, C-0460-E, C-0460-B, C-0460-C, C-0460-D, C-0238, C-0460-A"
13-6-6,Stop-Log 설치,PASS,3,22,1,3,21,95.5,,,C-0986
9-11-1,토지구획정리 지적확정측량,INFO,8,68,9,10,65,95.6,COL_MISMATCH,"원본에만 있는 컬럼 수: {5} (MD: [4, 5, 7], DB: [4, 6, 7])","C-0559-A, C-0559-B, C-0559-C, C-0559-D, C-0604-C, C-0604-A, C-0604-B, C-0604-D, C-0604-E"
13-10-4,천장크레인 레일설치,PASS,3,24,1,3,23,95.8,,,C-1032
13-6-15,Trash Rack 제작,PASS,4,25,1,4,24,96.0,,,C-0995
10-8-1,소화약제 소화설비설치,INFO,1,27,3,2,26,96.3,COL_MISMATCH,"원본에만 있는 컬럼 수: {4} (MD: [4], DB: [5])","C-0918-A, C-0918-B, C-0918-C"
5-4-1,차수재공,INFO,7,27,3,7,26,96.3,COL_MISMATCH,"원본에만 있는 컬럼 수: {8} (MD: [2, 3, 5, 8], DB: [2, 3, 5, 6])","C-0201-A, C-0201-B, C-0847"
6-3-1,합판거푸집 설치 및 해체,INFO,10,54,4,12,52,96.3,COL_MISMATCH,"원본에만 있는 컬럼 수: {1, 10, 9} (MD: [1, 3, 4, 5, 9, 10], DB: [3, 4, 5, 8])","C-0212, C-0440-A, C-0440-B, C-0707"
9-14-2,경계복원 측량(수치),PASS,8,31,2,8,30,96.8,,,"C-0567, C-0612"
2-2-1,타원형 돌망태 설치,INFO,6,32,3,5,31,96.9,COL_MISMATCH,"원본에만 있는 컬럼 수: {8, 9, 3} (MD: [3, 4, 8, 9], DB: [4, 5, 6, 7])","C-0650, C-0813, C-1100"
5-1-5,어스앵커 공법,PASS,9,32,1,9,31,96.9,,,C-0188
9-15-2,지적현황 측량(수치),PASS,8,33,2,8,32,97.0,,,"C-0570, C-0615"
9-17-3,자동제도(파일제공),PASS,7,33,1,6,32,97.0,,,C-NEW-0039
1-1-4,용접공수 산정방법,INFO,8,42,3,8,41,97.6,COL_MISMATCH,"원본에만 있는 컬럼 수: {3, 6, 30} (MD: [3, 4, 5, 6, 10, 30], DB: [4, 5, 10, 15])","C-0628-A, C-0628-B, C-0788"
9-8-1,등록전환 측량(도해),PASS,11,42,4,11,41,97.6,,,"C-0550-A, C-0595-B, C-0550-B, C-0595-A"
9-14-1,경계복원 측량(도해),PASS,18,48,4,18,47,97.9,,,"C-0566-A, C-0566-B, C-0611-A, C-0611-B"
8-2-9,롤러,PASS,5,56,6,6,55,98.2,,,"C-0267-A-a, C-0267-A-b, C-0267-B, C-0267-C, C-0267-D, C-0267-E"
13-6-1,수차 설치,PASS,5,93,4,6,92,98.9,,,"C-0981-A, C-0981-B, C-0981-C, C-0981-D"
1-2-10,제초,INFO,8,13,1,6,13,100.0,COL_MISMATCH,"원본에만 있는 컬럼 수: {11, 5} (MD: [4, 5, 6, 10, 11, 15], DB: [4, 6, 10, 15])",C-NEW-0001
1-2-15,잔디시비,PASS,5,12,1,5,12,100.0,,,C-NEW-0002
1-2-19,은행나무 과실채취,INFO,5,10,1,4,10,100.0,COL_MISMATCH,"원본에만 있는 컬럼 수: {8} (MD: [4, 5, 6, 8, 13], DB: [4, 5, 6, 13])",C-NEW-0003
1-2-6,공구 및 경장비,PASS,5,14,2,5,14,100.0,,,"C-0012, C-1049"
1-3-10,플륨관 해체,INFO,1,3,1,1,3,100.0,COL_MISMATCH,"원본에만 있는 컬럼 수: {13} (MD: [13], DB: [12])",C-1066
1-3-5,주름관 접합 및 배관,PASS,4,15,1,3,15,100.0,,,C-NEW-0004
1-3-6,콘크리트 단면복구,PASS,5,8,1,5,8,100.0,,,C-NEW-0005
1-4,품의 할증,PASS,2,28,5,2,28,100.0,,,"C-0639, C-0797, C-0019, C-0026, C-0333"
1-6-7,포장줄눈 설치,PASS,4,14,1,4,14,100.0,,,C-NEW-0006
1-7-4,투수아스팔트 표층 기계포설(소형장비),PASS,4,16,1,4,16,100.0,,,C-0357
1-8-15,L형측구 설치(포설식),PASS,6,11,1,5,11,100.0,,,C-NEW-0007
1-8-2,도로 표지판 설치,PASS,4,11,1,3,11,100.0,,,C-0359
1-9-3,낙석방지책 설치,PASS,4,17,1,4,17,100.0,,,C-NEW-0008
1-9-4,낙석방지망 설치,PASS,7,20,2,7,20,100.0,,,"C-0374-A, C-0374-B"
10-2-1,알람밸브 설치,PASS,5,9,1,4,9,100.0,,,C-0756
10-7-2,스프링클러 전기설비설치,PASS,7,10,1,7,10,100.0,,,C-0916
10-9-1,완강기 설치,PASS,3,5,1,3,5,100.0,,,C-NEW-0010
11-1-6,비닐 보양,PASS,7,11,1,7,11,100.0,,,C-0769
11-2-1,버트 융착식 접합 및 부설,PASS,4,15,2,4,15,100.0,,,"C-0771, C-0925"
11-2-10,걸레받이용 페인트칠,PASS,7,10,1,6,10,100.0,,,C-0779
11-3-1,분기공 설치,PASS,2,27,2,2,27,100.0,,,"C-0781, C-0927"
11-3-4,원격식 가스미터 설치,PASS,6,14,1,6,14,100.0,,,C-0930
12-2-2,계량기 설치,PASS,2,30,1,2,30,100.0,,,C-0936
12-2-4,Control Air 배관,INFO,2,16,1,2,16,100.0,COL_MISMATCH,"원본에만 있는 컬럼 수: {6} (MD: [6, 7], DB: [4, 7])",C-0938
12-3-1,중앙처리장치(CPU) 설치,PASS,2,25,1,2,25,100.0,,,C-0941
12-3-3,콘솔(Console) 설치,PASS,6,10,1,6,10,100.0,,,C-0942
13-1-7,장거리 배관,PASS,2,21,1,2,21,100.0,,,C-0950
13-10-2,OVER HEAD CRANE 설치,PASS,4,28,1,4,28,100.0,,,C-1030
13-10-3,GANTRY CRANE 설치,PASS,7,54,2,7,54,100.0,,,"C-1031-A, C-1031-B"
13-11-2,Cooling Tower 설치,PASS,3,21,1,3,21,100.0,,,C-1035
13-2-1,강관절단,INFO,2,24,3,3,24,100.0,COL_MISMATCH,"원본에만 있는 컬럼 수: {12} (MD: [12], DB: [8])","C-0953-A, C-0953-B, C-0953-C"
13-2-2,강판절단,INFO,2,27,2,2,27,100.0,COL_MISMATCH,"원본에만 있는 컬럼 수: {12} (MD: [5, 12], DB: [5, 8])","C-0954-A, C-0954-B"
13-3-1,pipe보온,PASS,1,7,1,1,7,100.0,,,C-1167
13-3-2,기기보온,INFO,2,19,1,2,19,100.0,COL_MISMATCH,"원본에만 있는 컬럼 수: {10} (MD: [3, 10], DB: [3, 6])",C-0960
13-4-7,탱크청소,PASS,3,15,1,3,15,100.0,,,C-NEW-0011
13-5-1,보일러 설치,PASS,3,49,4,5,49,100.0,,,"C-0967-A, C-0967-B, C-0967-C, C-0967-D"
13-5-10,복수기 설치,PASS,3,29,3,3,29,100.0,,,"C-0975-A, C-0975-B, C-0975-C"
13-5-11,왕복압축기 설치,PASS,1,15,3,2,15,100.0,,,"C-0976-A, C-0976-B, C-0976-C"
13-5-12,펌프 설치,PASS,2,25,2,2,25,100.0,,,"C-0977-A, C-0977-B"
13-5-14,Heater 및 Tank 설치,PASS,2,38,4,4,38,100.0,,,"C-0979-A, C-0979-B, C-0979-C, C-0979-D"
13-5-5,공기예열기(Preheater) 설치,PASS,4,26,1,4,26,100.0,,,C-NEW-0012
13-5-6,Soot Blower,PASS,3,28,2,3,28,100.0,,,"C-0971-A, C-0971-B"
13-5-7,Fan 설치,PASS,1,19,3,2,19,100.0,,,"C-0972-A, C-0972-B, C-0972-C"
13-6-10,Steel Penstock 현장설치,PASS,1,36,3,2,36,100.0,,,"C-0990-A, C-0990-C, C-0990-B"
13-6-11,Roller Gate Guide Metal 제작,PASS,2,27,1,2,27,100.0,,,C-0991
13-6-13,Tainter Gate Guide Metal 제작,PASS,2,26,1,2,26,100.0,,,C-0993
13-6-14,Tainter Gate Guide Metal 설치,PASS,2,27,1,2,27,100.0,,,C-0994
13-6-16,Trash Rack 설치,PASS,5,62,2,5,62,100.0,,,"C-0996-A, C-0996-B"
13-6-17,Tainter Gate Anchorage 제관,PASS,2,31,1,2,31,100.0,,,C-0997
13-6-4,수문 설치,INFO,6,68,2,6,68,100.0,COL_MISMATCH,"원본에만 있는 컬럼 수: {6} (MD: [2, 3, 4, 6], DB: [2, 3, 4, 5])","C-0984-A, C-0984-B"
13-6-5,Stop-Log 제작,PASS,5,61,2,5,61,100.0,,,"C-0985-A, C-0985-B"
13-6-7,수문 Hoist 설치,PASS,6,52,2,6,52,100.0,,,"C-0987-A, C-0987-B"
13-7-1,고로본체 및 부속기기 설치,PASS,2,14,1,2,14,100.0,,,C-0999
13-7-11,내화물(제철축로) 쌓기,PASS,2,23,1,2,23,100.0,,,C-NEW-0013
13-7-14,혼선로 및 전로 본체 조립 설치,INFO,5,18,1,4,18,100.0,COL_MISMATCH,"원본에만 있는 컬럼 수: {10} (MD: [5, 8, 10], DB: [5, 8])",C-1008
13-7-16,가열로 본체 및 Recuperator실 조립설치,PASS,2,17,1,2,17,100.0,,,C-1009
13-7-20,Roller Table 조립설치,PASS,2,17,1,2,17,100.0,,,C-1013
13-7-21,전기집진기 설치(Electric Precipitator),PASS,1,19,1,1,19,100.0,,,C-1014
13-7-5,열풍로 DECK 설치,PASS,3,17,1,3,17,100.0,,,C-NEW-0014
13-7-7,Edge Mill 설치,PASS,3,17,1,3,17,100.0,,,C-NEW-0015
13-7-9,Ventri Scrubber 본체 및 부속설비 설치,PASS,3,17,1,3,17,100.0,,,C-NEW-0016
13-8-4,반건식 반응탑 설치,PASS,2,21,1,2,21,100.0,,,C-1019
13-8-5,탈질설비 설치,PASS,5,46,4,5,46,100.0,,,"C-1020-A, C-1020-B, C-1020-C, C-1020-D"
13-8-6,여과집진기 설치(Bag filter),PASS,2,26,2,3,26,100.0,,,"C-1021-A, C-1021-B"
13-8-7,활성탄･반응조제 및 소석회 공급설비 설치,PASS,2,24,2,3,24,100.0,,,"C-1022-A, C-1022-B"
13-9-2,모노레일 설치,INFO,5,10,1,3,10,100.0,COL_MISMATCH,"원본에만 있는 컬럼 수: {9, 7} (MD: [3, 4, 6, 7, 9], DB: [3, 4, 6])",C-1025
2-1-10,소파보수(도로복구),INFO,10,21,3,10,21,100.0,COL_MISMATCH,"원본에만 있는 컬럼 수: {8, 12} (MD: [2, 3, 8, 12], DB: [2, 3, 6, 9])","C-1077-C, C-1077-A, C-1077-B"
2-1-11,맨홀보수,INFO,4,11,2,5,11,100.0,COL_MISMATCH,"원본에만 있는 컬럼 수: {8, 9} (MD: [3, 5, 8, 9], DB: [3, 4, 5, 7])","C-1078-A, C-1078-B"
2-1-22,교통 안전표지판 교체,PASS,4,10,1,4,10,100.0,,,C-1089
2-1-26,시선유도표지 철거,PASS,6,14,1,6,14,100.0,,,C-1092
2-1-28,보도용 블록 장비사용 철거,PASS,5,12,1,4,12,100.0,,,C-NEW-0017
2-10-2,방진망 설치 및 해체,PASS,8,13,1,8,13,100.0,,,C-NEW-0018
2-11-6,자동세륜기 설치 및 해체,PASS,7,7,1,6,7,100.0,,,C-NEW-0019
2-12-3,축중계 설치 및 해체,PASS,6,10,1,6,10,100.0,,,C-NEW-0020
2-2-11,도상자갈철거(기계),PASS,4,18,1,3,18,100.0,,,C-NEW-0021
2-2-15,목침목 탄성체결장치 철거,PASS,4,11,1,4,11,100.0,,,C-NEW-0022
2-4-10,빗물받이 준설(흡입식),INFO,8,13,1,8,13,100.0,COL_MISMATCH,"원본에만 있는 컬럼 수: {6} (MD: [2, 3, 5, 6], DB: [2, 3, 5])",C-1125
2-4-12,주철관 철거,PASS,2,11,1,2,11,100.0,,,C-1127
2-4-13,원심력철근콘크리트관 철거,PASS,1,15,1,1,15,100.0,,,C-1128
2-4-8,하수도 수로암거 준설(흡입식),PASS,6,14,1,5,14,100.0,,,C-1123
2-6-5,잭서포트 설치 및 해체,PASS,9,16,1,9,16,100.0,,,C-NEW-0023
2-8-11,계단난간대 설치 및 해체,INFO,10,13,1,8,13,100.0,COL_MISMATCH,"원본에만 있는 컬럼 수: {9} (MD: [3, 4, 5, 6, 8, 9], DB: [3, 4, 5, 6, 8])",C-NEW-0024
2-8-4,교량 방호선반 설치 및 해체,PASS,4,13,1,4,13,100.0,,,C-NEW-0025
2-8-7,비계주위 보호망 설치 및 해체,PASS,6,13,1,6,13,100.0,,,C-NEW-0026
2-9-5,PE가설방호벽 설치 및 해체,PASS,6,9,1,6,9,100.0,,,C-0093
3-1-4,철골재 철거(기계),PASS,5,12,1,5,12,100.0,,,C-NEW-0027
3-1-5,석축 헐기(인력),PASS,1,4,1,1,4,100.0,,,C-1133
3-11-1,머신 가이던스(MG) 굴착기,PASS,4,14,1,4,14,100.0,,,C-NEW-0028
3-11-2,머신 컨트롤(MC) 굴착기,PASS,2,6,1,2,6,100.0,,,C-0161
3-2-11,기존방수층 제거 및 바탕처리,PASS,6,12,1,6,12,100.0,,,C-1143
3-3-8,암파쇄(유압식 할암공법),INFO,5,17,1,5,17,100.0,COL_MISMATCH,"원본에만 있는 컬럼 수: {5} (MD: [3, 4, 5], DB: [3, 4])",C-0131
3-7-1,프리캐스트 콘크리트 블록설치,PASS,5,10,1,4,10,100.0,,,C-0147
3-7-5,비탈면 보강공,INFO,4,12,1,4,12,100.0,COL_MISMATCH,"원본에만 있는 컬럼 수: {8} (MD: [4, 8], DB: [4, 7])",C-0151
3-8-4,뒤채움 및 다짐,PASS,6,14,1,6,14,100.0,,,C-0155
4-6-10,목침목 탄성체결장치 설치,PASS,1,2,1,1,2,100.0,,,C-0422
4-6-4,침목천공,PASS,6,11,1,5,11,100.0,,,C-0419
4-6-9,교량침목고정장치 설치,PASS,8,15,1,8,15,100.0,,,C-NEW-0029
6-1,공통사항,INFO,1,3,4,1,3,100.0,COL_MISMATCH,"원본에만 있는 컬럼 수: {5} (MD: [5], DB: [4])","C-0699, C-0202, C-0434, C-0848"
6-2-4,공장가공,PASS,4,12,1,4,12,100.0,,,C-NEW-0033
6-3-5,합성수지(P,PASS,5,15,1,5,15,100.0,,,C-NEW-0034
6-3-6,슬립폼 공법,INFO,4,8,1,4,8,100.0,COL_MISMATCH,"원본에만 있는 컬럼 수: {8} (MD: [3, 8], DB: [3, 6])",C-0216
6-3-8,갱폼 설치 및 해체,PASS,3,10,1,3,10,100.0,,,C-0218
6-5-5,분기관 천공 및 접합,PASS,4,23,1,3,23,100.0,,,C-NEW-0035
6-6-5,교량점검시설 점검통로 설치,PASS,4,12,1,3,12,100.0,,,C-NEW-0036
6-7-9,모듈러 건축 설치,PASS,4,12,1,4,12,100.0,,,C-NEW-0037
6-8-2,강관제 게이트 제수밸브 부설 및 접합,INFO,4,21,1,4,21,100.0,COL_MISMATCH,"원본에만 있는 컬럼 수: {5} (MD: [2, 4, 5], DB: [2, 4])",C-0463
6-8-3,주철제･강관제 버터플라이 제수밸브 부설 및 접합,PASS,2,27,1,2,27,100.0,,,C-0464
6-8-4,부단수 할정자관 부설 및 접합,PASS,3,20,1,3,20,100.0,,,C-0465
6-8-5,부단수 천공 분기점 분기,PASS,3,26,2,3,26,100.0,,,"C-0466-A, C-0466-B"
6-8-7,플랜지 조인트 접합,INFO,1,25,3,2,25,100.0,COL_MISMATCH,"원본에만 있는 컬럼 수: {6} (MD: [6], DB: [5])","C-0468-A, C-0468-B, C-0468-C"
7-1-5,아스팔트싱글 설치,INFO,5,13,1,9,13,100.0,COL_MISMATCH,"원본에만 있는 컬럼 수: {7} (MD: [2, 3, 4, 7], DB: [2, 3, 4])",C-0857
7-4-3,강재트러스 지지공법,PASS,6,29,1,5,29,100.0,,,C-NEW-0038
7-4-7,매립설계수량,PASS,1,3,1,1,3,100.0,,,C-0488
8-1-4,인서트(Insert) 설치,PASS,8,10,1,7,10,100.0,,,C-0254
8-2-11,스테이빌라이저(노상안정기),PASS,1,5,1,1,5,100.0,,,C-0269
8-2-18,콘크리트 배치플랜트(강제 혼합식),PASS,1,2,1,1,2,100.0,,,C-0276
8-2-25,진동파일해머(워터제트 병용 압입공),PASS,7,41,3,7,41,100.0,,,"C-0283-A, C-0283-B, C-0283-C"
8-2-28,터널전단면 굴착기(TBM),INFO,4,5,1,4,5,100.0,COL_MISMATCH,"원본에만 있는 컬럼 수: {6, 7} (MD: [3, 6, 7], DB: [3, 4, 5])",C-0286
8-2-32,이동식 임목파쇄기,PASS,3,3,1,3,3,100.0,,,C-0290
8-4-6,[50]골재생산기계 등,PASS,2,32,2,3,32,100.0,,,"C-0308-A, C-0308-B"
8-4-7,[60]기초공사용 기계,PASS,2,30,3,3,30,100.0,,,"C-0309-A, C-0309-B, C-0309-C"
8-4-8,[70]기타기계,PASS,2,54,5,5,54,100.0,,,"C-0310-A, C-0310-B, C-0310-C, C-0310-D, C-0310-E"
8-4-9,[90]해상기계,INFO,7,28,4,7,28,100.0,COL_MISMATCH,"원본에만 있는 컬럼 수: {17, 10, 6, 15} (MD: [6, 9, 10, 13, 14, 15, 17], DB: [5, 8, 9, 12, 13, 14, 16])","C-0311-A, C-0311-B, C-0311-C, C-0311-D"
8-5-2,[10]다짐기계,PASS,1,32,1,1,32,100.0,,,C-0314
8-5-3,[20]운반 및 하역기계,PASS,2,74,3,3,74,100.0,,,"C-0315-A, C-0315-B, C-0315-C"
8-5-4,[30]포장기계,PASS,1,27,1,1,27,100.0,,,C-0316
8-5-5,[40]콘크리트기계,PASS,1,33,1,1,33,100.0,,,C-0317
8-5-7,[60]기초공사용기계,PASS,3,71,2,3,71,100.0,,,"C-0319-A, C-0319-B"
8-5-8,[70]기타기계,PASS,4,110,3,4,110,100.0,,,"C-0320-A, C-0320-B, C-0320-C"
8-6-2,건타입 오일버너,PASS,2,8,1,2,8,100.0,,,C-0887
9-10-2,축척변경 측량(도해지역에서 수치지역으로),PASS,6,30,8,6,30,100.0,,,"C-0557-a, C-0557-b, C-0557-c, C-0557-d, C-0602-a, C-0602-b, C-0602-c, C-0602-d"
9-12-1,예정지적좌표도 작성업무,PASS,2,14,2,2,14,100.0,,,"C-0562, C-0607"
9-16-1,도시계획선명시 측량(도해),PASS,12,34,2,12,34,100.0,,,"C-0573, C-0618"
9-17-1,자동제도(좌표독취),INFO,4,20,4,6,20,100.0,COL_MISMATCH,"원본에만 있는 컬럼 수: {14} (MD: [3, 14], DB: [3, 11])","C-0621-B, C-0576-B, C-0576-A, C-0621-A"
9-17-5,조서작성,INFO,1,5,1,1,5,100.0,COL_MISMATCH,"원본에만 있는 컬럼 수: {14} (MD: [14], DB: [11])",C-0001
9-6-3,지적기준점현황조사,INFO,4,32,4,4,32,100.0,COL_MISMATCH,"원본에만 있는 컬럼 수: {14} (MD: [14], DB: [12])","C-0543-A, C-0543-B, C-0588-A, C-0588-B"
13-6-2,발전기 설치,PASS,8,121,6,9,122,100.8,,,"C-0982-A, C-0982-B, C-0982-C, C-0982-D, C-0982-E, C-0982-F"
13-6-8,Spiral Casing 설치,PASS,4,87,4,5,88,101.1,,,"C-0988-A, C-0988-B, C-0988-C, C-0988-D"
9-4-3,디지털 도로대장 작성,INFO,18,75,8,18,76,101.3,COL_MISMATCH,"원본에만 있는 컬럼 수: {8} (MD: [3, 4, 6, 7, 8], DB: [3, 4, 6, 7])","C-0528-B, C-0528-F, C-0528-A-b, C-0528-A-a, C-0528-E, C-0528-C, C-0528-D, C-0528-G"
13-6-12,Roller Gate Guide Metal 설치,PASS,4,65,3,5,66,101.5,,,"C-0992-A, C-0992-B, C-0992-C"
13-6-9,Steel Penstock 제작,PASS,4,63,3,4,64,101.6,,,"C-0989-A, C-0989-B, C-0989-C"
13-11-3,Batcher Plant 설치,PASS,5,50,2,5,51,102.0,,,"C-1036-A, C-1036-B"
3-2-2,기계굴착의 능력,INFO,8,47,7,11,48,102.1,COL_MISMATCH,"원본에만 있는 컬럼 수: {10} (MD: [2, 3, 4, 7, 10], DB: [2, 3, 4, 6, 7])","C-0122, C-0390, C-0656, C-0823-A, C-0823-B, C-0823-C, C-1136"
8-2-12,크러셔,INFO,14,142,21,22,145,102.1,COL_MISMATCH,"원본에만 있는 컬럼 수: {16, 12, 20, 7} (MD: [3, 4, 6, 7, 10, 12, 15, 16, 20], DB: [3, 4, 6, 9, 10, 14, 15])","C-0270-H, C-0270-I, C-0270-F, C-0270-G, C-0270-A-a, C-0270-A-b, C-0270-A-c, C-0270-A-d, C-0270-A-e, C-0270-A-f, C-0270-A-g, C-0270-A-h, C-0270-B, C-0270-C, C-0270-D, C-0270-E, C-0270-J, C-0270-K, C-0270-L, C-0270-M, C-0270-N"
8-2-3,굴착기,INFO,8,42,7,9,43,102.4,COL_MISMATCH,"원본에만 있는 컬럼 수: {8, 9, 28, 5} (MD: [2, 3, 5, 8, 9, 28], DB: [2, 3, 4, 6, 7])","C-0261-A-a, C-0261-A-b, C-0261-A-c, C-0261-B, C-0495, C-0735, C-0872"
3-2-3,흙깎기(기계),INFO,7,26,4,9,27,103.8,COL_MISMATCH,"원본에만 있는 컬럼 수: {11, 4, 12, 6} (MD: [3, 4, 6, 11, 12], DB: [3, 5, 9, 10])","C-0123, C-0391, C-0657, C-1137"
6-8-6,부단수 천공 새들분수전 분기점 분기,INFO,3,25,3,4,26,104.0,COL_MISMATCH,"원본에만 있는 컬럼 수: {5} (MD: [3, 5], DB: [3, 4])","C-0467-A, C-0467-B, C-0467-C"
8-2-5,로더,INFO,9,24,8,8,25,104.2,COL_MISMATCH,"원본에만 있는 컬럼 수: {9, 10} (MD: [2, 4, 5, 7, 9, 10], DB: [2, 4, 5, 7])","C-0263-A-a, C-0263-A-b, C-0263-A-c, C-0263-A-d, C-0263-A-e, C-0263-B, C-0497, C-0874"
13-5-8,터빈 설치,INFO,3,70,5,5,73,104.3,COL_MISMATCH,"원본에만 있는 컬럼 수: {12} (MD: [12], DB: [11])","C-0973-A, C-0973-B, C-0973-C, C-0973-D, C-0973-E"
13-5-9,발전기 설치,INFO,3,46,3,4,48,104.3,COL_MISMATCH,"원본에만 있는 컬럼 수: {12} (MD: [4, 12], DB: [4, 11])","C-0974-A, C-0974-B, C-0974-C"
1-4-1,인력식 소규모장비 포설,PASS,3,17,3,5,18,105.9,,,"C-0334, C-0640, C-0798"
2-1-2,현장사무소 등의 규모(건축 및 기계설비),PASS,12,66,10,15,70,106.1,,,"C-0044-A-a, C-0044-A-b, C-0044-A-c, C-0044-A-d, C-0044-B, C-0044-C, C-0377, C-0645, C-0809, C-1069"
13-2-6,응력제거,INFO,8,48,6,8,51,106.2,COL_MISMATCH,"원본에만 있는 컬럼 수: {10, 13, 7} (MD: [5, 7, 10, 12, 13, 14], DB: [5, 6, 9, 11, 12, 14])","C-0958-A-a, C-0958-A-b, C-0958-A-c, C-0958-A-d, C-0958-B, C-0958-C"
4-3-2,기초앵커 설치,PASS,9,31,4,4,33,106.5,,,"C-0173, C-0407, C-0667, C-1162"
1-9-1,방음벽 설치,INFO,4,15,2,4,16,106.7,COL_MISMATCH,"원본에만 있는 컬럼 수: {10, 11, 7} (MD: [4, 7, 10, 11], DB: [4, 6, 8, 9])","C-0372-A, C-0372-B"
7-4-5,펌프준설 매립시의 유보율 등,INFO,5,15,1,5,16,106.7,COL_MISMATCH,"원본에만 있는 컬럼 수: {8} (MD: [2, 3, 6, 8], DB: [2, 3, 5, 6])",C-0486
1-5-3,아스팔트 기층 기계포설(소형장비),INFO,2,14,3,2,15,107.1,COL_MISMATCH,"원본에만 있는 컬럼 수: {8} (MD: [5, 8], DB: [5, 6])","C-0035, C-0340, C-0803"
8-2-1,불도저,INFO,8,41,4,12,44,107.3,COL_MISMATCH,"원본에만 있는 컬럼 수: {17} (MD: [3, 4, 9, 11, 17], DB: [3, 4, 5, 7, 9, 11])","C-0259, C-0493, C-0734, C-0870"
13-2-3,강관용접,INFO,7,96,11,12,104,108.3,COL_MISMATCH,"원본에만 있는 컬럼 수: {28, 21, 30} (MD: [3, 21, 28, 30], DB: [3, 9, 10, 11])","C-0955-F, C-0955-A, C-0955-B, C-0955-C, C-0955-D, C-0955-E, C-0955-G, C-0955-H, C-0955-I, C-0955-J, C-0955-K"
2-11-2,건축물 현장정리,PASS,6,12,1,7,13,108.3,,,C-0107
8-2-13,대형브레이커,INFO,4,12,1,4,13,108.3,COL_MISMATCH,"원본에만 있는 컬럼 수: {12} (MD: [3, 12], DB: [3, 11])",C-0271
9-17-4,도면작성,INFO,10,24,4,10,26,108.3,COL_MISMATCH,"원본에만 있는 컬럼 수: {4, 5, 14} (MD: [3, 4, 5, 14], DB: [3, 8, 11])","C-0578-A, C-0623-B, C-0578-B, C-0623-A"
9-4-2,수도노선측량,INFO,4,24,3,6,26,108.3,COL_MISMATCH,"원본에만 있는 컬럼 수: {10} (MD: [4, 5, 10, 20], DB: [3, 4, 5, 6, 7, 20])","C-0527-A, C-0527-B, C-0898"
8-2-8,덤프트럭,INFO,10,35,3,10,38,108.6,COL_MISMATCH,"원본에만 있는 컬럼 수: {8, 1, 5} (MD: [1, 2, 3, 4, 5, 8], DB: [2, 3, 4])","C-0266-A, C-0266-B, C-0266-C"
5-1-2,H-Beam 설치,INFO,16,44,5,15,48,109.1,COL_MISMATCH,"원본에만 있는 컬럼 수: {11, 16, 3, 7} (MD: [2, 3, 4, 5, 6, 7, 8, 11, 16], DB: [2, 4, 5, 6, 8])","C-0185-B, C-0185-A, C-0425-A, C-0425-B, C-0840"
5-1-6,복공판 설치,INFO,4,11,1,4,12,109.1,COL_MISMATCH,"원본에만 있는 컬럼 수: {6} (MD: [3, 5, 6], DB: [3, 5])",C-0189
6-4-3,방수모르타르 바름,PASS,5,11,1,6,12,109.1,,,C-0711
9-3-5,용지측량,INFO,4,22,4,5,24,109.1,COL_MISMATCH,"원본에만 있는 컬럼 수: {16, 21} (MD: [4, 5, 16, 21], DB: [4, 5, 10, 18])","C-0524-C, C-0524-A, C-0524-D, C-0524-B"
13-2-5,예열(Electric Resistance Heating),INFO,3,21,3,4,23,109.5,COL_MISMATCH,"원본에만 있는 컬럼 수: {24, 9, 12} (MD: [9, 12, 24], DB: [8, 11, 17])","C-0957-B, C-0957-C, C-0957-A"
7-1-2,예인선 조합,INFO,3,10,3,6,11,110.0,COL_MISMATCH,"원본에만 있는 컬럼 수: {7} (MD: [3, 7], DB: [2, 3, 5, 6])","C-0244, C-0720, C-0854"
8-1-6,천장점검구 설치,INFO,9,10,2,9,11,110.0,COL_MISMATCH,"원본에만 있는 컬럼 수: {5} (MD: [3, 4, 5], DB: [3, 4])","C-0256, C-0732"
7-3-4,소파블록 거치,PASS,7,19,2,8,21,110.5,,,"C-0482, C-0864"
2-3-2,ALC패널 설치,INFO,3,18,4,4,20,111.1,COL_MISMATCH,"원본에만 있는 컬럼 수: {7} (MD: [5, 7], DB: [4, 5, 6])","C-0054, C-0383, C-0652, C-1115"
2-6-2,"강관 동바리 설치 및 해체(건축, 기계설비)",INFO,9,16,1,9,18,112.5,COL_MISMATCH,"원본에만 있는 컬럼 수: {5, 6} (MD: [4, 5, 6], DB: [4, 14])",C-0067
8-2-33,하천골재채취선,INFO,7,16,1,7,18,112.5,COL_MISMATCH,"원본에만 있는 컬럼 수: {8} (MD: [4, 5, 8, 9], DB: [4, 5, 9])",C-0291
1-5-7,아스팔트 표층 기계포설(대형장비),INFO,2,15,2,2,17,113.3,COL_MISMATCH,"원본에만 있는 컬럼 수: {5, 7} (MD: [5, 7], DB: [3, 6])","C-0039, C-0344"
2-4-3,관세관(스크레이퍼+워터젯트 병행 방법),PASS,2,15,3,3,17,113.3,,,"C-0058, C-1118-A, C-1118-B"
8-3-1,[00]토공기계,INFO,22,87,16,26,99,113.8,COL_MISMATCH,"원본에만 있는 컬럼 수: {24, 12} (MD: [3, 4, 11, 12, 24], DB: [3, 4, 8, 11])","C-0292-A, C-0292-F, C-0292-C, C-0292-B, C-0292-E, C-0292-D, C-0292-G, C-0292-J, C-0292-K, C-0292-L, C-0292-H, C-0292-I, C-0292-M, C-0501, C-0738, C-0875"
1-2-12,예초,PASS,10,19,1,9,22,115.8,,,C-1053
8-2-7,모터 그레이더,PASS,4,19,3,4,22,115.8,,,"C-0265-B, C-0265-A, C-0499"
7-3-3,바닥배수구 설치,PASS,4,12,1,5,14,116.7,,,C-0863
8-2-23,유압 파일 해머,INFO,16,28,16,16,33,117.9,COL_MISMATCH,"원본에만 있는 컬럼 수: {9} (MD: [3, 4, 5, 6, 7, 9], DB: [3, 4, 5, 6, 7])","C-0281-A-i, C-0281-A-j, C-0281-A-g, C-0281-A-a, C-0281-A-b, C-0281-A-c, C-0281-A-d, C-0281-A-e, C-0281-A-f, C-0281-A-k, C-0281-A-h, C-0281-A-l, C-0281-A-m, C-0281-A-n, C-0281-A-o, C-0281-B"
10-1-3,알루미늄창호 설치,INFO,6,11,1,5,13,118.2,COL_MISMATCH,"원본에만 있는 컬럼 수: {9} (MD: [3, 7, 8, 9], DB: [3, 7, 8])",C-0753
2-1-4,"아스팔트 포장 절삭 후 아스팔트 덧씌우기(1회 절삭, 2회 포장)",INFO,3,16,2,5,19,118.8,COL_MISMATCH,"원본에만 있는 컬럼 수: {9} (MD: [2, 9], DB: [2, 4, 5, 7])","C-0647, C-1071"
2-2-5,레일교환(기계),INFO,2,15,4,3,18,120.0,COL_MISMATCH,"원본에만 있는 컬럼 수: {6, 23} (MD: [6, 23], DB: [5, 7])","C-0049-A, C-0049-B, C-0049-C, C-1104"
8-2-2,리퍼(유압식),INFO,8,25,7,7,30,120.0,COL_MISMATCH,"원본에만 있는 컬럼 수: {10, 3} (MD: [3, 4, 8, 10], DB: [4, 6, 8, 18])","C-0260, C-0871-B, C-0494, C-0871-C, C-0871-A, C-0871-D, C-0871-E"
9-1-5,4급 기준점 측량,INFO,6,20,4,8,24,120.0,COL_MISMATCH,"원본에만 있는 컬럼 수: {16} (MD: [3, 4, 7, 8, 16], DB: [3, 4, 7, 8, 13])","C-0512-B, C-0512-A, C-0512-C, C-0744"
9-5-9,정밀도로지도 구축,PASS,8,44,2,7,53,120.5,,,"C-0538, C-0583"
8-3-2,[10]다짐기계,PASS,14,57,8,18,69,121.1,,,"C-0293-D, C-0293-F, C-0293-A, C-0293-E, C-0293-B, C-0293-C, C-0502, C-0876"
3-7-4,절토사면 녹화,INFO,12,42,2,17,51,121.4,COL_MISMATCH,"원본에만 있는 컬럼 수: {10} (MD: [4, 5, 6, 10], DB: [4, 5, 6, 14])","C-0150-B, C-0150-A"
4-1-5,거적덮기,INFO,3,9,2,4,11,122.2,COL_MISMATCH,"원본에만 있는 컬럼 수: {7} (MD: [4, 7], DB: [4, 6])","C-0167, C-1155"
8-4-2,[10]다짐기계,INFO,7,79,7,14,97,122.8,COL_MISMATCH,"원본에만 있는 컬럼 수: {9, 10, 13} (MD: [6, 8, 9, 10, 13], DB: [3, 5, 6, 7, 8, 11])","C-0304-A, C-0304-B, C-0304-C, C-0304-D, C-0505-A, C-0505-B, C-0884"
1-5-5,아스팔트 표층 소규모포설,INFO,2,13,2,2,16,123.1,COL_MISMATCH,"원본에만 있는 컬럼 수: {12} (MD: [5, 12], DB: [5, 9])","C-0037, C-0342"
4-4-2,신축이음매 부설,PASS,3,13,2,4,16,123.1,,,"C-0411, C-0179"
4-5-3,장대레일 설정,PASS,4,13,1,4,16,123.1,,,C-0415
6-7-2,파형강관 부설 및 접합,PASS,3,13,2,4,16,123.1,,,"C-0235, C-0457"
2-1-9,소파보수(포장복구),INFO,7,17,2,7,21,123.5,COL_MISMATCH,"원본에만 있는 컬럼 수: {8, 16, 12} (MD: [3, 6, 8, 12, 16], DB: [3, 6, 9])","C-1076-B, C-1076-A"
8-1-2,공사규모별 표준건설기계,PASS,6,34,2,7,42,123.5,,,"C-0252, C-0867"
5-2-1,매트부설,PASS,9,38,3,12,47,123.7,,,"C-0191, C-0428, C-0842"
10-4-2,외벽 패널 설치,PASS,6,8,1,5,10,125.0,,,C-0909
13-10-1,OPEN BELT CONVEYOR 설치,INFO,2,8,1,2,10,125.0,COL_MISMATCH,"원본에만 있는 컬럼 수: {14} (MD: [7, 14], DB: [7])",C-1029
9-4-1,"노선측량(철도, 도로 신설)",PASS,8,40,4,9,50,125.0,,,"C-0526-a, C-0526-c, C-0526-b, C-0897"
2-1-5,인방보 설치,INFO,12,23,3,11,29,126.1,COL_MISMATCH,"원본에만 있는 컬럼 수: {9} (MD: [2, 3, 4, 5, 9], DB: [2, 3, 4, 5, 6])","C-0648, C-0810, C-1072"
8-3-4,[30]포장기계,INFO,14,34,7,15,43,126.5,COL_MISMATCH,"원본에만 있는 컬럼 수: {24, 12} (MD: [12, 24], DB: [3, 11])","C-0295-E, C-0295-B, C-0295-A, C-0295-C, C-0295-D, C-0295-F, C-0878"
8-2-6,모터 스크레이퍼,PASS,3,15,2,4,19,126.7,,,"C-0264, C-0498"
1-5-9,시공측량비,PASS,3,22,2,4,28,127.3,,,"C-0041, C-0346"
4-2-2,궤도양로,INFO,2,11,4,6,14,127.3,COL_MISMATCH,"원본에만 있는 컬럼 수: {7} (MD: [5, 7], DB: [4, 5, 6])","C-0170, C-0403, C-0664, C-0836"
8-3-8,[70]기타기계,INFO,47,122,29,49,156,127.9,COL_MISMATCH,"원본에만 있는 컬럼 수: {24, 25, 13, 6} (MD: [3, 6, 12, 13, 24, 25], DB: [3, 11, 12])","C-0299-A-d, C-0299-G, C-0299-I, C-0299-M, C-0299-A-a, C-0299-A-c, C-0299-E, C-0299-A-b, C-0299-A-e, C-0299-B, C-0299-C, C-0299-D, C-0299-F, C-0299-V, C-0299-H, C-0299-J, C-0299-K, C-0299-L, C-0299-N, C-0299-O, C-0299-P, C-0299-Q, C-0299-R, C-0299-S, C-0299-T, C-0299-U, C-0299-W, C-0299-X, C-0299-Y"
13-4-1,보통 철골재,PASS,3,17,1,4,22,129.4,,,C-0962
1-1-3,기본용접공수,PASS,10,30,4,13,39,130.0,,,"C-0005, C-1042, C-0627, C-0787"
2-4-2,하수관 세정,PASS,6,13,1,6,17,130.8,,,C-0057
6-1-2,현장비빔타설,INFO,4,13,1,5,17,130.8,COL_MISMATCH,"원본에만 있는 컬럼 수: {6} (MD: [2, 6, 7], DB: [2, 4, 7])",C-0850
6-7-1,플륨관 설치,PASS,7,32,1,8,42,131.2,,,C-0456
9-1-3,2급 기준점 측량,INFO,6,28,8,8,37,132.1,COL_MISMATCH,"원본에만 있는 컬럼 수: {18} (MD: [3, 4, 8, 18], DB: [3, 4, 5, 8, 15])","C-0510-A-a, C-0510-A-c, C-0510-A-d, C-0510-A-e, C-0510-A-f, C-0510-A-b, C-0510-B, C-0742"
2-1-18,표면평탄작업,PASS,3,9,1,4,12,133.3,,,C-1085
6-5-2,액상형 흡수방지방수 도포,PASS,6,9,1,7,12,133.3,,,C-0226
5-3-5,현장타설말뚝,PASS,35,94,11,44,127,135.1,,,"C-0200-A-a, C-0200-A-h, C-0200-A-g, C-0200-D, C-0200-B, C-0200-A-b, C-0200-A-c, C-0200-A-f, C-0200-C, C-0200-A-d, C-0200-A-e"
13-6-3,수문 제작,PASS,7,94,3,11,128,136.2,,,"C-0983-A, C-0983-C, C-0983-B"
8-2-27,수중펌프,INFO,5,8,1,5,11,137.5,COL_MISMATCH,"원본에만 있는 컬럼 수: {8, 5} (MD: [3, 5, 6, 7, 8], DB: [3, 4, 6, 7])",C-0285
9-1-2,1급 기준점 측량,PASS,10,42,4,12,58,138.1,,,"C-0509-B, C-0741, C-0509-A, C-0890"
8-2-31,쇄암선(중추식),INFO,5,13,1,5,18,138.5,COL_MISMATCH,"원본에만 있는 컬럼 수: {8} (MD: [2, 6, 7, 8], DB: [2, 4, 6, 7])",C-0289
8-3-9,[80]스마트 건설장비,INFO,7,5,1,7,7,140.0,COL_MISMATCH,"원본에만 있는 컬럼 수: {12} (MD: [3, 12], DB: [3, 11])",C-0300
2-2-6,제연댐퍼 설치,PASS,11,37,3,14,52,140.5,,,"C-0050, C-0817, C-1105"
5-4-9,외벽단열공법,PASS,18,37,2,20,52,140.5,,,"C-0698, C-0683"
6-6-3,절단,INFO,4,29,3,5,41,141.4,COL_MISMATCH,"원본에만 있는 컬럼 수: {4} (MD: [3, 4, 5, 6], DB: [3, 5, 6])","C-0230, C-0453, C-0717"
4-2-3,식재(군식(群植)),PASS,3,12,3,8,17,141.7,,,"C-0171, C-0404, C-0837"
2-1-8,소파보수(표층),PASS,10,26,2,13,37,142.3,,,"C-1075-B, C-1075-A"
9-1-4,3급 기준점 측량,PASS,10,28,2,12,40,142.9,,,"C-0511, C-0743"
7-4-1,습식공법,PASS,10,32,1,10,46,143.8,,,C-0484
6-1-3,방수층보호재 붙임,PASS,7,9,1,7,13,144.4,,,C-0204
4-2-4,수장합판 설치,PASS,7,11,2,4,16,145.5,,,"C-0405, C-0665"
13-8-1,소각로 설치,INFO,3,41,2,7,60,146.3,COL_MISMATCH,"원본에만 있는 컬럼 수: {8} (MD: [4, 8], DB: [2, 3, 4])","C-1016-B, C-1016-A"
4-3-3,굴취(근원직경),PASS,6,41,4,9,60,146.3,,,"C-0174, C-1163, C-0408, C-0668"
2-2-3,가설시설물,PASS,11,62,5,16,91,146.8,,,"C-0047-A, C-0380, C-0047-B, C-0815, C-1102"
11-1-2,석고보드면 바탕만들기,PASS,6,34,3,8,50,147.1,,,"C-0922-A, C-0922-B, C-0922-C"
2-2-8,분기기교환(인력),PASS,2,17,1,3,25,147.1,,,C-1107
4-1-7,일반기계설비 철거 및 이설,PASS,4,17,1,5,25,147.1,,,C-1157
2-1-3,아치쌓기,PASS,5,27,2,7,40,148.1,,,"C-0646, C-1070"
3-3-1,암발파(미진동굴착 TYPE-Ⅰ),PASS,7,29,3,13,43,148.3,,,"C-0395, C-0125, C-0825"
2-2-7,규준틀,PASS,6,16,2,5,24,150.0,,,"C-0051, C-1106"
4-3-4,목재데크 설치,PASS,2,8,2,3,12,150.0,,,"C-0175, C-0669"
4-3-5,식재(흉고직경),PASS,2,18,1,3,27,150.0,,,C-0176
6-5-1,빔 가설공,INFO,2,14,2,4,21,150.0,COL_MISMATCH,"원본에만 있는 컬럼 수: {8, 4} (MD: [4, 8], DB: [5, 9])","C-0225, C-0447"
9-5-2,대공표지,PASS,6,22,3,9,33,150.0,,,"C-0900, C-0531-A, C-0531-B"
9-5-5,건물 및 지상물체 항공사진 ｢판독작업｣,PASS,12,14,2,18,21,150.0,,,"C-0534, C-0579"
8-5-6,[50]골재생산기계 등,PASS,2,76,3,4,115,151.3,,,"C-0318-A, C-0318-B, C-0318-C"
2-1-20,재래난간 철거공,PASS,2,15,1,3,23,153.3,,,C-1087
6-4-2,PSC BOX 설치,PASS,10,37,3,16,57,154.1,,,"C-0223-B, C-0223-A, C-0710"
10-3-2,커튼월유리 설치,PASS,6,9,2,8,14,155.6,,,"C-0760, C-0907"
4-2-5,레인지후드 설치,INFO,7,9,1,10,14,155.6,COL_MISMATCH,"원본에만 있는 컬럼 수: {5} (MD: [4, 5, 6], DB: [3, 4, 6])",C-0666
1-2-1,인력식 소규모장비 포설,INFO,13,44,5,16,69,156.8,COL_MISMATCH,"원본에만 있는 컬럼 수: {9, 12} (MD: [4, 5, 6, 7, 8, 9, 11, 12], DB: [4, 5, 6, 7, 8, 11])","C-0007, C-0630, C-0790-A, C-0790-B, C-1044"
4-2-1,송풍기 설치,PASS,4,49,7,10,77,157.1,,,"C-0169, C-0402, C-0663, C-0835-B, C-0835-C, C-0835-A, C-1159"
1-2-3,토질,INFO,3,34,10,7,54,158.8,COL_MISMATCH,"원본에만 있는 컬럼 수: {8} (MD: [3, 4, 8], DB: [3, 4, 5, 6, 13])","C-0009-D, C-0009-A, C-0009-B, C-0009-C, C-0009-E, C-0328, C-0632, C-1046-A, C-1046-B, C-1046-C"
7-1-3,준설선 선단 조합,PASS,8,34,4,11,54,158.8,,,"C-0471-A, C-0471-B, C-0471-C, C-0855"
7-2-5,수중고르기,PASS,16,34,2,24,54,158.8,,,"C-0727, C-0478"
2-5-4,평･귀규준틀 설치 및 철거,PASS,2,5,1,3,8,160.0,,,C-0065
3-2-5,터널굴착 1발파당 작업인원,PASS,5,15,2,9,24,160.0,,,"C-0393, C-1139"
3-4-5,타일 교체,INFO,7,10,2,6,16,160.0,COL_MISMATCH,"원본에만 있는 컬럼 수: {8} (MD: [4, 6, 8], DB: [4, 5, 6])","C-1149, C-0138"
7-1-4,카운터형 세면기 설치(일체형),INFO,6,10,3,7,16,160.0,COL_MISMATCH,"원본에만 있는 컬럼 수: {5, 14} (MD: [3, 5, 14], DB: [2, 3, 4])","C-0472, C-0721, C-0856"
9-5-7,토지이용 현황도 제작,PASS,10,10,2,15,16,160.0,,,"C-0581, C-0536"
12-1-2,플랜트 계기 설치,PASS,3,64,3,5,103,160.9,,,"C-0933-A, C-0933-B, C-0933-C"
4-3-1,뿌리돌림,PASS,7,31,3,10,50,161.3,,,"C-0406, C-0172, C-1161"
10-2-2,플로어힌지 설치,PASS,5,13,2,8,21,161.5,,,"C-0904, C-0757"
5-2-4,다짐말뚝,INFO,8,13,2,12,21,161.5,COL_MISMATCH,"원본에만 있는 컬럼 수: {4} (MD: [2, 3, 4, 8], DB: [2, 3, 5, 6, 7, 8])","C-0194, C-0431"
5-2-2,고압분사 주입공법,PASS,18,40,8,23,65,162.5,,,"C-0192-A-a, C-0192-B, C-0192-A-b, C-0192-A-c, C-0192-A-d, C-0192-A-e, C-0429, C-0689"
1-4-3,작업지연,PASS,8,30,4,11,49,163.3,,,"C-0028, C-0021, C-0336, C-0641"
6-3-10,신축이음(Expansion Joint) 설치,INFO,4,11,1,4,18,163.6,COL_MISMATCH,"원본에만 있는 컬럼 수: {6} (MD: [3, 6], DB: [3])",C-0220
1-1-2,용접배관,PASS,2,25,5,7,41,164.0,,,"C-0004, C-0325, C-0626, C-0786, C-1041"
3-2-1,굴착(인력/토사),PASS,11,59,9,18,97,164.4,,,"C-0822-B, C-0822-A, C-0121, C-0389-C, C-0389-A, C-0389-B, C-0655, C-0822-C, C-1135"
2-2-2,블록 보강쌓기,INFO,4,17,4,5,28,164.7,COL_MISMATCH,"원본에만 있는 컬럼 수: {7} (MD: [6, 7], DB: [4, 5, 6])","C-0046, C-0379, C-0814, C-1101"
1-3-9,교량신축이음 교체,PASS,1,24,4,3,40,166.7,,,"C-1065-B, C-1065-C, C-1065-D, C-1065-A"
13-5-2,보일러 드럼 설치,PASS,7,63,8,16,105,166.7,,,"C-0968-B, C-0968-A, C-0968-C, C-0968-D, C-0968-H, C-0968-E, C-0968-F, C-0968-G"
1-3-8,교량받침 교체,INFO,4,37,6,9,62,167.6,COL_MISMATCH,"원본에만 있는 컬럼 수: {6} (MD: [5, 6, 12], DB: [3, 5, 10, 12])","C-1064-A, C-1064-F, C-1064-B, C-1064-E, C-1064-C, C-1064-D"
3-4-1,흙쌓기,PASS,13,31,4,20,52,167.7,,,"C-0134, C-0397, C-0828, C-1146"
4-1-4,마루널 설치,PASS,9,31,4,13,52,167.7,,,"C-1154-A, C-0166, C-1154-B, C-1154-C"
6-1-4,콘크리트 펌프차 타설,PASS,11,22,2,18,37,168.2,,,"C-0701, C-0205"
4-1-2,집수정 배수펌프 설치,PASS,4,36,2,7,61,169.4,,,"C-0832, C-1152"
1-6-1,폴리부틸렌(PB) 일반접합 및 배관,PASS,2,10,2,4,17,170.0,,,"C-0348, C-0805"
9-7-2,신규등록측량(수치),PASS,8,37,2,13,63,170.3,,,"C-0546, C-0591"
5-3-2,말뚝박기용 천공,PASS,22,71,6,37,121,170.4,,,"C-0845, C-0197-A, C-0197-B, C-0432, C-0675, C-0691"
6-6-7,프리캐스트 콘크리트 패널 설치,PASS,2,14,1,3,24,171.4,,,C-0233
9-13-1,지적재조사측량,PASS,4,42,6,11,72,171.4,,,"C-0564-A, C-0609-A, C-0564-B, C-0564-C, C-0609-B, C-0609-C"
1-1-1,비탈면 보강공,INFO,5,11,5,6,19,172.7,COL_MISMATCH,"원본에만 있는 컬럼 수: {8} (MD: [4, 5, 8], DB: [4, 5, 7])","C-0625, C-0003, C-0324, C-0785, C-1040"
1-5-2,고무링 캡조임 접합 및 배관(일반 PVC),PASS,2,22,3,4,38,172.7,,,"C-0034, C-0339, C-0802"
5-1-3,H-Beam 철거,PASS,17,48,6,24,83,172.9,,,"C-0426-A-a, C-0186-A, C-0186-B, C-0426-A-b, C-0426-B, C-0686"
6-3-3,유로폼 설치 및 해체,PASS,12,39,4,18,68,174.4,,,"C-0442-A, C-0214, C-0442-B, C-0442-C"
9-3-1,지형현황,PASS,16,67,13,32,117,174.6,,,"C-0520-E, C-0520-A, C-0520-I, C-0520-B, C-0520-C, C-0520-D, C-0520-F, C-0520-G, C-0520-H, C-0520-J, C-0520-K, C-0520-L, C-0894"
1-2-8,작업조 구성 및 적용,PASS,2,16,4,9,28,175.0,,,"C-0014-A, C-0014-B, C-1051-A, C-1051-B"
1-4-2,수밀밴드 접합 및 배관,PASS,2,16,4,4,28,175.0,,,"C-0020, C-0027, C-0335, C-0799"
2-1-15,차선도색,PASS,9,28,8,15,49,175.0,,,"C-1082-A-b, C-1082-A-a, C-1082-A-c, C-1082-B, C-1082-A-e, C-1082-A-d, C-1082-C, C-1082-D"
2-4-4,세로형 가설방음판 설치 및 해체,PASS,3,8,2,5,14,175.0,,,"C-0059, C-1119"
8-4-3,[20]운반 및 하역기계,PASS,3,69,6,8,121,175.4,,,"C-0305-D, C-0305-E, C-0305-A, C-0305-B, C-0305-C, C-0506"
2-12-4,파이프 루프공,PASS,6,35,3,11,62,177.1,,,"C-0117-C, C-0117-A, C-0117-B"
2-1-6,아스팔트 절삭 및 덧씌우기,PASS,2,22,2,4,39,177.3,,,"C-0811, C-1073"
1-6-2,표층 인력포설,PASS,3,9,2,6,16,177.8,,,"C-0806, C-0349"
2-4-1,강관 지주 설치 및 해체,INFO,3,9,2,7,16,177.8,COL_MISMATCH,"원본에만 있는 컬럼 수: {9, 6} (MD: [5, 6, 9], DB: [2, 3, 4, 5, 7])","C-0056, C-1117"
13-5-13,Boiler Feed Pump 설치,PASS,4,28,2,7,50,178.6,,,"C-0978-A, C-0978-B"
6-2-2,현장가공,PASS,7,29,3,15,52,179.3,,,"C-0437, C-0704, C-0851"
13-1-8,이중보온관 설치,INFO,5,59,8,12,106,179.7,COL_MISMATCH,"원본에만 있는 컬럼 수: {8} (MD: [3, 7, 8], DB: [3, 7])","C-0951-B, C-0951-A-b, C-0951-A-a, C-0951-C, C-0951-D, C-0951-E, C-0951-F, C-0951-G"
13-1-3,밸브 취부,PASS,2,16,6,7,29,181.2,,,"C-0946-A, C-0946-C, C-0946-F, C-0946-B, C-0946-D, C-0946-E"
9-6-1,지적삼각측량,PASS,4,40,6,11,73,182.5,,,"C-0541-C, C-0541-B, C-0541-A, C-0586-A, C-0586-B, C-0586-C"
1-2-7,운반,PASS,12,53,6,25,97,183.0,,,"C-0013-A, C-0013-B, C-0013-C, C-0013-D, C-0635, C-1050"
1-4-4,지세/지형,PASS,9,44,6,18,81,184.1,,,"C-0029-B, C-0029-A, C-0029-C, C-0029-D, C-0029-E, C-0642"
8-3-5,[40]콘크리트기계,PASS,15,45,7,28,83,184.4,,,"C-0296-A, C-0296-B, C-0296-C, C-0296-E, C-0296-D, C-0296-F, C-0879"
9-3-3,택지조성측량,PASS,8,78,7,15,144,184.6,,,"C-0522-D, C-0522-A, C-0522-B, C-0522-C, C-0522-E, C-0522-F, C-0522-G"
9-7-1,신규등록측량(도해),PASS,15,46,4,29,85,184.8,,,"C-0590-B, C-0545-A, C-0545-B, C-0590-A"
1-2-2,단위표준,PASS,15,98,10,32,182,185.7,,,"C-0008-D, C-0008-B, C-0008-C, C-0008-A, C-0327, C-0631, C-0791, C-1045-A, C-1045-B, C-1045-C"
13-1-4,Fitting 취부,PASS,2,23,6,7,43,187.0,,,"C-0947-A, C-0947-E, C-0947-F, C-0947-B, C-0947-C, C-0947-D"
9-3-4,구획정리 확정측량,PASS,18,95,22,39,180,189.5,,,"C-0523-E, C-0523-M, C-0523-A-a, C-0523-A-b, C-0523-A-c, C-0523-B, C-0523-C, C-0523-D, C-0523-F, C-0523-K, C-0523-L, C-0523-G, C-0523-H, C-0523-I, C-0523-J, C-0523-N, C-0523-S, C-0523-T, C-0523-Q, C-0523-R, C-0523-O, C-0523-P"
7-2-2,찰붙임,INFO,2,10,6,9,19,190.0,COL_MISMATCH,"원본에만 있는 컬럼 수: {7} (MD: [7, 10], DB: [3, 4, 5, 6, 10])","C-0247-A, C-0247-B, C-0247-C, C-0475, C-0724, C-0859"
9-2-1,기본 수준측량,PASS,3,42,8,11,80,190.5,,,"C-0514-D, C-0514-C, C-0514-A-b, C-0514-B, C-0514-A-a, C-0514-F, C-0514-E, C-0746"
9-9-1,분할측량(도해),PASS,14,42,16,25,80,190.5,,,"C-0553-B, C-0598-A-e, C-0553-A-e, C-0553-A-f, C-0553-A-d, C-0553-A-a, C-0553-A-b, C-0553-A-c, C-0553-A-g, C-0598-A-a, C-0598-A-b, C-0598-A-c, C-0598-A-d, C-0598-A-g, C-0598-B, C-0598-A-f"
1-3-1,재료의 할증,PASS,27,202,11,57,385,190.6,,,"C-0024-C, C-0017-D, C-0017-A, C-0017-B, C-0017-C, C-0024-D, C-0024-A, C-0024-B, C-0330, C-0637, C-0793"
9-15-1,지적현황 측량(도해),PASS,16,50,8,30,96,192.0,,,"C-0569-C, C-0614-E, C-0569-A, C-0569-B, C-0614-A, C-0614-B, C-0614-C, C-0614-D"
8-2-24,진동파일 해머,PASS,21,52,13,41,100,192.3,,,"C-0282-A-c, C-0282-A-d, C-0282-A-g, C-0282-D, C-0282-A-a, C-0282-A-b, C-0282-A-e, C-0282-A-f, C-0282-C, C-0282-A-h, C-0282-A-i, C-0282-B, C-0282-E"
13-1-5,Flange 취부,PASS,5,62,20,24,120,193.5,,,"C-0948-Q, C-0948-R, C-0948-P, C-0948-T, C-0948-E, C-0948-F, C-0948-G, C-0948-H, C-0948-D, C-0948-I, C-0948-C, C-0948-J, C-0948-A, C-0948-B, C-0948-O, C-0948-K, C-0948-L, C-0948-M, C-0948-N, C-0948-S"
9-15-3,지적불부합지조사 측량(도해),PASS,10,40,12,20,78,195.0,,,"C-0571-a, C-0571-c, C-0571-d, C-0571-e, C-0571-f, C-0571-b, C-0616-A-b, C-0616-A-a, C-0616-A-c, C-0616-A-d, C-0616-A-e, C-0616-B"
13-1-2,관만곡(Pipe Bending) 설치,PASS,5,55,17,22,108,196.4,,,"C-0945-A, C-0945-H, C-0945-P, C-0945-F, C-0945-G, C-0945-B, C-0945-C, C-0945-D, C-0945-E, C-0945-I, C-0945-N, C-0945-O, C-0945-J, C-0945-K, C-0945-L, C-0945-M, C-0945-Q"
13-2-7,아세틸렌량의 환산,PASS,5,90,21,25,177,196.7,,,"C-0959-A-b, C-0959-D, C-0959-L, C-0959-G, C-0959-H, C-0959-K, C-0959-A-a, C-0959-B, C-0959-C, C-0959-E, C-0959-F, C-0959-I, C-0959-J, C-0959-M, C-0959-N, C-0959-O, C-0959-S, C-0959-P, C-0959-Q, C-0959-R, C-0959-T"
9-5-6,지도제작(기본도),PASS,34,45,31,64,89,197.8,,,"C-0535-A-b, C-0535-A-e, C-0535-A-d, C-0535-A-f, C-0580-A-b, C-0580-A-o, C-0580-A-m, C-0580-A-n, C-0535-A-a, C-0535-B, C-0535-A-k, C-0535-A-l, C-0535-A-m, C-0535-A-h, C-0535-A-i, C-0535-A-c, C-0535-A-g, C-0535-A-j, C-0535-A-n, C-0580-B, C-0580-A-a, C-0580-A-k, C-0580-A-l, C-0580-A-e, C-0580-A-f, C-0580-A-c, C-0580-A-d, C-0580-A-g, C-0580-A-h, C-0580-A-i, C-0580-A-j"
9-16-2,도시계획선명시 측량(수치),PASS,15,50,14,28,99,198.0,,,"C-0574-A-b, C-0574-A-c, C-0574-A-d, C-0574-A-e, C-0574-A-f, C-0574-B, C-0574-A-a, C-0619-A-a, C-0619-A-c, C-0619-A-d, C-0619-A-e, C-0619-A-f, C-0619-B, C-0619-A-b"
9-6-2,지적도근점측량,PASS,11,57,8,25,113,198.2,,,"C-0587-C, C-0542-B, C-0542-A, C-0542-C, C-0542-D, C-0587-A, C-0587-D, C-0587-B"
9-5-4,수치지도 작성,PASS,207,439,68,406,876,199.5,,,"C-0533-30, C-0533-34, C-0533-38, C-0533-48, C-0533-A-f, C-0533-P, C-0533-52, C-0533-Q, C-0533-45, C-0533-A-g, C-0533-N, C-0533-V, C-0533-X, C-0533-Y, C-0533-27, C-0533-35, C-0533-47, C-0533-54, C-0533-57, C-0533-26, C-0533-A-e, C-0533-R, C-0533-T, C-0533-40, C-0533-A-h, C-0533-28, C-0533-29, C-0533-31, C-0533-33, C-0533-32, C-0533-A-i, C-0533-36, C-0533-37, C-0533-39, C-0533-41, C-0533-42, C-0533-43, C-0533-44, C-0533-46, C-0533-A-j, C-0533-49, C-0533-50, C-0533-51, C-0533-53, C-0533-55, C-0533-O, C-0533-56, C-0533-58, C-0533-A-a, C-0533-A-b, C-0533-A-c, C-0533-A-d, C-0533-B, C-0533-C, C-0533-D, C-0533-E, C-0533-F, C-0533-G, C-0533-H, C-0533-I, C-0533-J, C-0533-K, C-0533-L, C-0533-M, C-0533-U, C-0533-W, C-0533-S, C-0533-Z"
1-6-3,가교화 폴리에틸렌관 접합 및 배관,INFO,2,4,2,2,8,200.0,COL_MISMATCH,"원본에만 있는 컬럼 수: {5} (MD: [5], DB: [4, 7])","C-0350, C-0807"
4-1-3,초류종자 살포(기계살포),INFO,5,12,3,5,24,200.0,COL_MISMATCH,"원본에만 있는 컬럼 수: {5, 6} (MD: [4, 5, 6], DB: [4, 8])","C-0661, C-0833, C-1153"
8-2-21,경운기,INFO,1,1,1,1,2,200.0,COL_MISMATCH,"원본에만 있는 컬럼 수: {11} (MD: [11], DB: [8])",C-0279
8-2-29,펌프식 준설선,PASS,15,82,9,29,165,201.2,,,"C-0287-A-c, C-0287-A-d, C-0287-A-a, C-0287-A-b, C-0287-C, C-0287-D, C-0287-E, C-0287-A-e, C-0287-B"
9-3-2,하천측량,INFO,7,49,10,20,99,202.0,COL_MISMATCH,"원본에만 있는 컬럼 수: {9} (MD: [6, 8, 9, 11, 12], DB: [3, 4, 5, 6, 7, 8, 10, 11, 12])","C-0521-G, C-0521-C, C-0521-D, C-0521-E, C-0895, C-0521-F, C-0521-A-a, C-0521-A-b, C-0521-B, C-0749"
8-3-6,[50]골재생산기계 등,PASS,30,110,22,61,227,206.4,,,"C-0297-H, C-0297-B, C-0297-J, C-0297-G, C-0297-A-a, C-0297-A-b, C-0297-C, C-0297-D, C-0297-E, C-0297-F, C-0297-I, C-0297-K, C-0297-L, C-0297-M, C-0297-N, C-0297-O, C-0297-P, C-0297-Q, C-0297-R, C-0297-S, C-0297-T, C-0880"
13-1-1,플랜트 배관 설치,PASS,16,220,18,35,456,207.3,,,"C-0944-A, C-0944-F, C-0944-L, C-0944-N, C-0944-I, C-0944-Q, C-0944-D, C-0944-B, C-0944-C, C-0944-E, C-0944-H, C-0944-G, C-0944-J, C-0944-K, C-0944-M, C-0944-O, C-0944-P, C-0944-R"
8-3-3,[20]운반 및 하역기계,PASS,18,68,14,37,141,207.4,,,"C-0294-A, C-0294-K, C-0294-H, C-0294-I, C-0294-B, C-0294-C, C-0294-G, C-0294-D, C-0294-E, C-0294-F, C-0294-J, C-0294-L, C-0294-M, C-0877"
8-2-30,그래브 준설선,PASS,15,69,6,29,144,208.7,,,"C-0288-A, C-0288-E, C-0288-C, C-0288-B, C-0288-F, C-0288-D"
1-2-9,소규모(작업물량 제한),PASS,6,34,7,12,71,208.8,,,"C-0015-A-b, C-0015-A-a, C-0015-A-c, C-0015-B, C-0022-A-a, C-0022-A-b, C-0022-B"
1-8-9,차선도색,PASS,15,33,9,29,69,209.1,,,"C-0365-A-a, C-0365-A-b, C-0365-B, C-0365-A-g, C-0365-A-c, C-0365-A-e, C-0365-A-f, C-0365-A-d, C-0365-A-h"
8-2-22,디젤 파일 해머,PASS,11,54,6,21,113,209.3,,,"C-0280-A-b, C-0280-A-c, C-0280-A-d, C-0280-B, C-0280-C, C-0280-A-a"
8-3-7,[60]기초공사용 기계,PASS,22,67,16,43,141,210.4,,,"C-0298-K, C-0298-I, C-0298-C, C-0298-D, C-0298-E, C-0298-F, C-0298-G, C-0298-H, C-0298-B, C-0298-A, C-0298-L, C-0298-M, C-0298-N, C-0298-O, C-0298-J, C-0881"
9-2-3,2급 수준측량,INFO,4,19,11,12,41,215.8,COL_MISMATCH,"원본에만 있는 컬럼 수: {18} (MD: [3, 4, 8, 18], DB: [3, 4, 5, 6, 8, 15])","C-0516-B, C-0516-A-a, C-0516-A-b, C-0516-A-c, C-0516-A-d, C-0516-C, C-0516-D, C-0516-E, C-0516-F, C-0747, C-0892"
13-8-2,폐열보일러 설치,PASS,1,29,3,8,63,217.2,,,"C-1017-A, C-1017-C, C-1017-B"
13-5-3,"덕트제작(Air, Gas)",PASS,1,11,2,3,24,218.2,,,"C-0969-A, C-0969-B"
2-1-1,벽돌 쌓기,INFO,2,7,4,3,16,228.6,COL_MISMATCH,"원본에만 있는 컬럼 수: {6} (MD: [6, 7], DB: [5, 7])","C-0043, C-0376, C-0644, C-1068"
8-2-20,기관차,PASS,3,3,1,3,7,233.3,,,C-0278
1-3-2,용접배관,PASS,2,21,4,5,50,238.1,,,"C-0018, C-0025, C-0331, C-0794"
8-5-10,[90]해상기계,PASS,3,33,2,3,79,239.4,,,"C-0322-A, C-0322-B"
2-1-34,가드레일 철거,INFO,3,12,1,6,29,241.7,COL_MISMATCH,"원본에만 있는 컬럼 수: {8} (MD: [2, 8], DB: [2, 5, 6, 7, 12])",C-1098
6-4-1,PSC빔 제작,PASS,8,26,10,18,64,246.2,,,"C-0222-A-a, C-0222-A-c, C-0222-A-d, C-0222-A-e, C-0222-A-f, C-0222-A-b, C-0222-A-g, C-0222-B, C-0445, C-0709"
3-1-1,일반마감 배관보온,INFO,1,14,8,10,35,250.0,COL_MISMATCH,"원본에만 있는 컬럼 수: {14} (MD: [14], DB: [2, 4, 5, 6, 10])","C-0819-E, C-0819-A, C-0386, C-0654, C-0819-B, C-0819-C, C-0819-D, C-1130"
5-3-3,말뚝두부정리(강관),INFO,8,19,5,24,48,252.6,COL_MISMATCH,"원본에만 있는 컬럼 수: {9} (MD: [4, 5, 7, 8, 9], DB: [4, 5, 6, 7, 8])","C-0198-A, C-0198-B, C-0433, C-0676, C-0692"
6-6-2,교량받침 설치(수상),PASS,1,30,6,6,78,260.0,,,"C-0229-B, C-0229-D, C-0229-C, C-0229-A, C-0452, C-0716"
3-4-3,터널바닥 암반청소,INFO,1,6,3,7,16,266.7,COL_MISMATCH,"원본에만 있는 컬럼 수: {6} (MD: [6], DB: [4, 5, 7])","C-0136, C-0398, C-1148"
6-2-1,세대용 설치,INFO,3,9,3,8,26,288.9,COL_MISMATCH,"원본에만 있는 컬럼 수: {9} (MD: [5, 9], DB: [2, 3, 4, 5, 6])","C-0209, C-0436, C-0703"
8-3-10,[90]해상장비,PASS,9,81,15,43,235,290.1,,,"C-0301-A, C-0301-L, C-0301-B, C-0301-D, C-0301-F, C-0301-J, C-0301-C, C-0301-E, C-0301-G, C-0301-H, C-0301-I, C-0301-K, C-0301-M, C-0301-N, C-0301-O"
13-2-4,강판 전기아크용접,WARN,5,53,17,23,164,309.4,CROSS_TYPE;CROSS_TYPE,"chunk C-0956-O에 다른 헤더 유형 혼재: {'한면양면', 'V형_하횡입'} | chunk C-0956-D에 다른 헤더 유형 혼재: {'한면양면', 'V형_하횡입'}","C-0956-O, C-0956-A, C-0956-Q, C-0956-P, C-0956-K, C-0956-M, C-0956-N, C-0956-B, C-0956-H, C-0956-C, C-0956-F, C-0956-E, C-0956-G, C-0956-D, C-0956-I, C-0956-L, C-0956-J"
9-1-1,GNSS에 의한 기준점 측량,INFO,2,8,3,6,26,325.0,COL_MISMATCH,"원본에만 있는 컬럼 수: {16} (MD: [5, 16], DB: [3, 4, 5, 13])","C-0508, C-0740, C-0889"
9-5-10,무인비행장치 측량,PASS,18,70,21,58,243,347.1,,,"C-0584-A-b, C-0584-H, C-0584-D, C-0539-A-a, C-0539-B, C-0539-C, C-0539-G, C-0539-A-b, C-0539-D, C-0539-E, C-0539-F, C-0539-H, C-0539-I, C-0539-J, C-0584-A-a, C-0584-B, C-0584-C, C-0584-G, C-0584-E, C-0584-F, C-0584-I"
10-3-1,지하식 설치,FAIL,5,12,0,0,0,0.0,SECTION_MISSING,원본 5개 테이블/12행이 DB에 없음,
13-8,쓰레기소각 기계설비,FAIL,3,17,0,0,0,0.0,SECTION_MISSING,원본 3개 테이블/17행이 DB에 없음,
7-3-1,루프드레인 설치,PASS,1,2,4,12,25,1250.0,,,"C-0249, C-0480, C-0729, C-0862"
