section_id,title,status,md_tables,md_rows,db_tables,db_rows,coverage_pct,issue_types,details
3-2-1,굴착(인력/토사),FAIL,11,59,1,1,1.7,ROW_MISSING;TABLE_COUNT_DIFF,원본 59행 vs DB 1행 (coverage 1.7%) | 원본 11개 vs DB 1개 테이블
2-2-6,제연댐퍼 설치,FAIL,11,37,1,1,2.7,ROW_MISSING;TABLE_COUNT_DIFF,원본 37행 vs DB 1행 (coverage 2.7%) | 원본 11개 vs DB 1개 테이블
8-1-2,공사규모별 표준건설기계,FAIL,6,34,1,2,5.9,ROW_MISSING;TABLE_COUNT_DIFF,원본 34행 vs DB 2행 (coverage 5.9%) | 원본 6개 vs DB 1개 테이블
2-2-7,규준틀,FAIL,6,16,1,1,6.2,ROW_MISSING;TABLE_COUNT_DIFF,원본 16행 vs DB 1행 (coverage 6.2%) | 원본 6개 vs DB 1개 테이블
7-2-1,메붙임,FAIL,21,43,1,3,7.0,ROW_MISSING;TABLE_COUNT_DIFF,원본 43행 vs DB 3행 (coverage 7.0%) | 원본 21개 vs DB 1개 테이블
2-1-3,아치쌓기,FAIL,5,27,1,2,7.4,ROW_MISSING;TABLE_COUNT_DIFF,원본 27행 vs DB 2행 (coverage 7.4%) | 원본 5개 vs DB 1개 테이블
10-5-1,압력공기탱크설치,FAIL,7,13,1,1,7.7,ROW_MISSING;TABLE_COUNT_DIFF,원본 13행 vs DB 1행 (coverage 7.7%) | 원본 7개 vs DB 1개 테이블
3-11-4,머신 컨트롤(MC) 불도우저,FAIL,5,13,1,1,7.7,ROW_MISSING;TABLE_COUNT_DIFF,원본 13행 vs DB 1행 (coverage 7.7%) | 원본 5개 vs DB 1개 테이블
8-1-3,운반 및 수송,FAIL,9,102,2,8,7.8,ROW_MISSING;TABLE_COUNT_DIFF,원본 102행 vs DB 8행 (coverage 7.8%) | 원본 9개 vs DB 2개 테이블
4-2-1,송풍기 설치,FAIL,4,49,1,4,8.2,ROW_MISSING;TABLE_COUNT_DIFF,원본 49행 vs DB 4행 (coverage 8.2%) | 원본 4개 vs DB 1개 테이블
2-11-2,건축물 현장정리,FAIL,6,12,1,1,8.3,ROW_MISSING;TABLE_COUNT_DIFF,원본 12행 vs DB 1행 (coverage 8.3%) | 원본 6개 vs DB 1개 테이블
3-2-2,기계굴착의 능력,FAIL,8,47,1,4,8.5,ROW_MISSING;TABLE_COUNT_DIFF,원본 47행 vs DB 4행 (coverage 8.5%) | 원본 8개 vs DB 1개 테이블
11-1-6,비닐 보양,FAIL,7,11,1,1,9.1,ROW_MISSING;TABLE_COUNT_DIFF,원본 11행 vs DB 1행 (coverage 9.1%) | 원본 7개 vs DB 1개 테이블
2-9-10,점멸등 설치 및 해체,FAIL,7,11,1,1,9.1,ROW_MISSING;TABLE_COUNT_DIFF,원본 11행 vs DB 1행 (coverage 9.1%) | 원본 7개 vs DB 1개 테이블
6-4-3,방수모르타르 바름,FAIL,5,11,1,1,9.1,ROW_MISSING;TABLE_COUNT_DIFF,원본 11행 vs DB 1행 (coverage 9.1%) | 원본 5개 vs DB 1개 테이블
7-3-4,소파블록 거치,FAIL,7,19,1,2,10.5,ROW_MISSING;TABLE_COUNT_DIFF,원본 19행 vs DB 2행 (coverage 10.5%) | 원본 7개 vs DB 1개 테이블
2-8-14,엘리베이터 추락방호망 설치 및 해체,FAIL,7,9,1,1,11.1,ROW_MISSING;TABLE_COUNT_DIFF,원본 9행 vs DB 1행 (coverage 11.1%) | 원본 7개 vs DB 1개 테이블
1-3-3,데크플레이트 설치,FAIL,13,34,1,4,11.8,ROW_MISSING;TABLE_COUNT_DIFF,원본 34행 vs DB 4행 (coverage 11.8%) | 원본 13개 vs DB 1개 테이블
12-3-1,중앙처리장치(CPU) 설치,FAIL,2,25,1,3,12.0,ROW_MISSING,원본 25행 vs DB 3행 (coverage 12.0%)
6-7-5,강관압입추진공,FAIL,5,40,1,5,12.5,ROW_MISSING;TABLE_COUNT_DIFF,원본 40행 vs DB 5행 (coverage 12.5%) | 원본 5개 vs DB 1개 테이블
2-3-1,식생매트 설치,FAIL,7,23,1,3,13.0,ROW_MISSING;TABLE_COUNT_DIFF,원본 23행 vs DB 3행 (coverage 13.0%) | 원본 7개 vs DB 1개 테이블
2-4-3,관세관(스크레이퍼+워터젯트 병행 방법),FAIL,2,15,1,2,13.3,ROW_MISSING,원본 15행 vs DB 2행 (coverage 13.3%)
2-9-1,타워크레인 방호울타리 설치 및 해체,FAIL,5,7,1,1,14.3,ROW_MISSING;TABLE_COUNT_DIFF,원본 7행 vs DB 1행 (coverage 14.3%) | 원본 5개 vs DB 1개 테이블
10-2-2,플로어힌지 설치,FAIL,5,13,1,2,15.4,ROW_MISSING;TABLE_COUNT_DIFF,원본 13행 vs DB 2행 (coverage 15.4%) | 원본 5개 vs DB 1개 테이블
11-2-6,녹막이 페인트칠,FAIL,3,13,1,2,15.4,ROW_MISSING;TABLE_COUNT_DIFF,원본 13행 vs DB 2행 (coverage 15.4%) | 원본 3개 vs DB 1개 테이블
8-4-5,[40]콘크리트기계,FAIL,2,32,1,5,15.6,ROW_MISSING,원본 32행 vs DB 5행 (coverage 15.6%)
4-3-2,기초앵커 설치,FAIL,9,31,1,5,16.1,ROW_MISSING;TABLE_COUNT_DIFF,원본 31행 vs DB 5행 (coverage 16.1%) | 원본 9개 vs DB 1개 테이블
2-3-2,ALC패널 설치,FAIL,3,18,1,3,16.7,ROW_MISSING;TABLE_COUNT_DIFF,원본 18행 vs DB 3행 (coverage 16.7%) | 원본 3개 vs DB 1개 테이블
2-8-2,낙하물 방지망(플라잉넷) 설치 및 해체,FAIL,6,12,1,2,16.7,ROW_MISSING;TABLE_COUNT_DIFF,원본 12행 vs DB 2행 (coverage 16.7%) | 원본 6개 vs DB 1개 테이블
3-2-11,기존방수층 제거 및 바탕처리,FAIL,6,12,1,2,16.7,ROW_MISSING;TABLE_COUNT_DIFF,원본 12행 vs DB 2행 (coverage 16.7%) | 원본 6개 vs DB 1개 테이블
6-1-7,콘크리트 현장양생공시체 제작,FAIL,5,12,1,2,16.7,ROW_MISSING;TABLE_COUNT_DIFF,원본 12행 vs DB 2행 (coverage 16.7%) | 원본 5개 vs DB 1개 테이블
8-2-1,불도저,FAIL,8,41,4,7,17.1,ROW_MISSING;TABLE_COUNT_DIFF,원본 41행 vs DB 7행 (coverage 17.1%) | 원본 8개 vs DB 4개 테이블
7-2-5,수중고르기,FAIL,16,34,3,6,17.6,ROW_MISSING;TABLE_COUNT_DIFF,원본 34행 vs DB 6행 (coverage 17.6%) | 원본 16개 vs DB 3개 테이블
1-8-5,시선유도표지 설치,FAIL,8,11,1,2,18.2,ROW_MISSING;TABLE_COUNT_DIFF,원본 11행 vs DB 2행 (coverage 18.2%) | 원본 8개 vs DB 1개 테이블
10-1-3,알루미늄창호 설치,FAIL,6,11,1,2,18.2,ROW_MISSING;TABLE_COUNT_DIFF,원본 11행 vs DB 2행 (coverage 18.2%) | 원본 6개 vs DB 1개 테이블
5-2-1,매트부설,FAIL,9,38,2,7,18.4,ROW_MISSING;TABLE_COUNT_DIFF,원본 38행 vs DB 7행 (coverage 18.4%) | 원본 9개 vs DB 2개 테이블
2-1-4,"아스팔트 포장 절삭 후 아스팔트 덧씌우기(1회 절삭, 2회 포장)",FAIL,3,16,2,3,18.8,ROW_MISSING,원본 16행 vs DB 3행 (coverage 18.8%)
6-5-3,소켓융착 접합 및 부설,FAIL,4,16,1,3,18.8,ROW_MISSING;TABLE_COUNT_DIFF,원본 16행 vs DB 3행 (coverage 18.8%) | 원본 4개 vs DB 1개 테이블
6-7-3,PC BOX 설치,FAIL,5,36,2,7,19.4,ROW_MISSING;TABLE_COUNT_DIFF,원본 36행 vs DB 7행 (coverage 19.4%) | 원본 5개 vs DB 2개 테이블
6-6-3,절단,FAIL,4,29,1,6,20.7,ROW_MISSING;TABLE_COUNT_DIFF,원본 29행 vs DB 6행 (coverage 20.7%) | 원본 4개 vs DB 1개 테이블
1-2-5,인력,FAIL,6,24,1,5,20.8,ROW_MISSING;TABLE_COUNT_DIFF,원본 24행 vs DB 5행 (coverage 20.8%) | 원본 6개 vs DB 1개 테이블
1-2-6,공구 및 경장비,FAIL,5,14,1,3,21.4,ROW_MISSING;TABLE_COUNT_DIFF,원본 14행 vs DB 3행 (coverage 21.4%) | 원본 5개 vs DB 1개 테이블
3-5-2,암반청소,FAIL,3,14,1,3,21.4,ROW_MISSING;TABLE_COUNT_DIFF,원본 14행 vs DB 3행 (coverage 21.4%) | 원본 3개 vs DB 1개 테이블
10-3-2,커튼월유리 설치,FAIL,6,9,1,2,22.2,ROW_MISSING;TABLE_COUNT_DIFF,원본 9행 vs DB 2행 (coverage 22.2%) | 원본 6개 vs DB 1개 테이블
2-9-5,PE가설방호벽 설치 및 해체,FAIL,6,9,1,2,22.2,ROW_MISSING;TABLE_COUNT_DIFF,원본 9행 vs DB 2행 (coverage 22.2%) | 원본 6개 vs DB 1개 테이블
4-1-5,거적덮기,FAIL,3,9,1,2,22.2,ROW_MISSING;TABLE_COUNT_DIFF,원본 9행 vs DB 2행 (coverage 22.2%) | 원본 3개 vs DB 1개 테이블
6-3-1,합판거푸집 설치 및 해체,FAIL,10,54,4,12,22.2,ROW_MISSING;TABLE_COUNT_DIFF,원본 54행 vs DB 12행 (coverage 22.2%) | 원본 10개 vs DB 4개 테이블
3-4-1,흙쌓기,FAIL,13,31,3,7,22.6,ROW_MISSING;TABLE_COUNT_DIFF,원본 31행 vs DB 7행 (coverage 22.6%) | 원본 13개 vs DB 3개 테이블
4-1-4,마루널 설치,FAIL,9,31,2,7,22.6,ROW_MISSING;TABLE_COUNT_DIFF,원본 31행 vs DB 7행 (coverage 22.6%) | 원본 9개 vs DB 2개 테이블
2-1-6,아스팔트 절삭 및 덧씌우기,FAIL,2,22,1,5,22.7,ROW_MISSING,원본 22행 vs DB 5행 (coverage 22.7%)
4-4-2,신축이음매 부설,FAIL,3,13,1,3,23.1,ROW_MISSING;TABLE_COUNT_DIFF,원본 13행 vs DB 3행 (coverage 23.1%) | 원본 3개 vs DB 1개 테이블
4-5-3,장대레일 설정,FAIL,4,13,1,3,23.1,ROW_MISSING;TABLE_COUNT_DIFF,원본 13행 vs DB 3행 (coverage 23.1%) | 원본 4개 vs DB 1개 테이블
6-7-2,파형강관 부설 및 접합,FAIL,3,13,1,3,23.1,ROW_MISSING;TABLE_COUNT_DIFF,원본 13행 vs DB 3행 (coverage 23.1%) | 원본 3개 vs DB 1개 테이블
2-2-2,블록 보강쌓기,FAIL,4,17,1,4,23.5,ROW_MISSING;TABLE_COUNT_DIFF,원본 17행 vs DB 4행 (coverage 23.5%) | 원본 4개 vs DB 1개 테이블
2-7-6,타워형 가설 계단 설치 및 해체,FAIL,5,17,2,4,23.5,ROW_MISSING;TABLE_COUNT_DIFF,원본 17행 vs DB 4행 (coverage 23.5%) | 원본 5개 vs DB 2개 테이블
4-3-3,굴취(근원직경),FAIL,6,41,1,10,24.4,ROW_MISSING;TABLE_COUNT_DIFF,원본 41행 vs DB 10행 (coverage 24.4%) | 원본 6개 vs DB 1개 테이블
2-4-4,세로형 가설방음판 설치 및 해체,FAIL,3,8,1,2,25.0,ROW_MISSING;TABLE_COUNT_DIFF,원본 8행 vs DB 2행 (coverage 25.0%) | 원본 3개 vs DB 1개 테이블
2-5-2,도로용 목재 수평규준틀 설치 및 철거,FAIL,4,8,1,2,25.0,ROW_MISSING;TABLE_COUNT_DIFF,원본 8행 vs DB 2행 (coverage 25.0%) | 원본 4개 vs DB 1개 테이블
6-2-3,관 절단,FAIL,15,44,4,11,25.0,ROW_MISSING;TABLE_COUNT_DIFF,원본 44행 vs DB 11행 (coverage 25.0%) | 원본 15개 vs DB 4개 테이블
6-3-3,유로폼 설치 및 해체,FAIL,12,39,4,10,25.6,ROW_MISSING;TABLE_COUNT_DIFF,원본 39행 vs DB 10행 (coverage 25.6%) | 원본 12개 vs DB 4개 테이블
8-2-4,트랜처,FAIL,11,46,6,12,26.1,ROW_MISSING;TABLE_COUNT_DIFF,원본 46행 vs DB 12행 (coverage 26.1%) | 원본 11개 vs DB 6개 테이블
1-8-2,도로 표지판 설치,FAIL,4,11,1,3,27.3,ROW_MISSING;TABLE_COUNT_DIFF,원본 11행 vs DB 3행 (coverage 27.3%) | 원본 4개 vs DB 1개 테이블
11-2-3,수성페인트 뿜칠,FAIL,4,11,2,3,27.3,ROW_MISSING;TABLE_COUNT_DIFF,원본 11행 vs DB 3행 (coverage 27.3%) | 원본 4개 vs DB 2개 테이블
11-3-3,석재도료칠,FAIL,4,11,1,3,27.3,ROW_MISSING;TABLE_COUNT_DIFF,원본 11행 vs DB 3행 (coverage 27.3%) | 원본 4개 vs DB 1개 테이블
2-10-5,조립식 간이흙막이 설치 및 해체,FAIL,3,11,1,3,27.3,ROW_MISSING;TABLE_COUNT_DIFF,원본 11행 vs DB 3행 (coverage 27.3%) | 원본 3개 vs DB 1개 테이블
2-4-6,하수관 준설(버킷식),FAIL,3,11,1,3,27.3,ROW_MISSING;TABLE_COUNT_DIFF,원본 11행 vs DB 3행 (coverage 27.3%) | 원본 3개 vs DB 1개 테이블
6-7-6,PC거더 설치,FAIL,3,18,1,5,27.8,ROW_MISSING;TABLE_COUNT_DIFF,원본 18행 vs DB 5행 (coverage 27.8%) | 원본 3개 vs DB 1개 테이블
5-4-4,단열재 핀사용 붙이기,FAIL,10,28,3,8,28.6,ROW_MISSING;TABLE_COUNT_DIFF,원본 28행 vs DB 8행 (coverage 28.6%) | 원본 10개 vs DB 3개 테이블
1-4-1,인력식 소규모장비 포설,FAIL,3,17,1,5,29.4,ROW_MISSING;TABLE_COUNT_DIFF,원본 17행 vs DB 5행 (coverage 29.4%) | 원본 3개 vs DB 1개 테이블
3-4-4,뒤채움 및 다짐(소형장비),FAIL,5,17,1,5,29.4,ROW_MISSING;TABLE_COUNT_DIFF,원본 17행 vs DB 5행 (coverage 29.4%) | 원본 5개 vs DB 1개 테이블
12-2-2,계량기 설치,FAIL,2,30,1,9,30.0,ROW_MISSING,원본 30행 vs DB 9행 (coverage 30.0%)
7-1-2,예인선 조합,FAIL,3,10,1,3,30.0,ROW_MISSING;TABLE_COUNT_DIFF,원본 10행 vs DB 3행 (coverage 30.0%) | 원본 3개 vs DB 1개 테이블
9-4-1,"노선측량(철도, 도로 신설)",FAIL,8,40,2,12,30.0,ROW_MISSING;TABLE_COUNT_DIFF,원본 40행 vs DB 12행 (coverage 30.0%) | 원본 8개 vs DB 2개 테이블
2-1-5,인방보 설치,FAIL,12,23,2,7,30.4,ROW_MISSING;TABLE_COUNT_DIFF,원본 23행 vs DB 7행 (coverage 30.4%) | 원본 12개 vs DB 2개 테이블
2-4-2,하수관 세정,FAIL,6,13,1,4,30.8,ROW_MISSING;TABLE_COUNT_DIFF,원본 13행 vs DB 4행 (coverage 30.8%) | 원본 6개 vs DB 1개 테이블
3-2-3,흙깎기(기계),FAIL,7,26,4,8,30.8,ROW_MISSING;TABLE_COUNT_DIFF,원본 26행 vs DB 8행 (coverage 30.8%) | 원본 7개 vs DB 4개 테이블
5-3-2,말뚝박기용 천공,FAIL,22,71,5,23,32.4,ROW_MISSING;TABLE_COUNT_DIFF,원본 71행 vs DB 23행 (coverage 32.4%) | 원본 22개 vs DB 5개 테이블
2-1-13,일체형 맨홀추락방지망 설치(보도구간),FAIL,2,12,1,4,33.3,ROW_MISSING,원본 12행 vs DB 4행 (coverage 33.3%)
2-1-18,표면평탄작업,FAIL,3,9,1,3,33.3,ROW_MISSING;TABLE_COUNT_DIFF,원본 9행 vs DB 3행 (coverage 33.3%) | 원본 3개 vs DB 1개 테이블
2-4-1,강관 지주 설치 및 해체,FAIL,3,9,1,3,33.3,ROW_MISSING;TABLE_COUNT_DIFF,원본 9행 vs DB 3행 (coverage 33.3%) | 원본 3개 vs DB 1개 테이블
2-7-3,강관틀 비계 설치 및 해체,FAIL,3,6,1,2,33.3,ROW_MISSING;TABLE_COUNT_DIFF,원본 6행 vs DB 2행 (coverage 33.3%) | 원본 3개 vs DB 1개 테이블
3-2-7,도배 해체,FAIL,4,6,1,2,33.3,ROW_MISSING;TABLE_COUNT_DIFF,원본 6행 vs DB 2행 (coverage 33.3%) | 원본 4개 vs DB 1개 테이블
3-3-6,암발파(대규모발파 TYPE-Ⅵ),FAIL,8,24,4,8,33.3,ROW_MISSING;TABLE_COUNT_DIFF,원본 24행 vs DB 8행 (coverage 33.3%) | 원본 8개 vs DB 4개 테이블
4-2-3,식재(군식(群植)),FAIL,3,12,1,4,33.3,ROW_MISSING;TABLE_COUNT_DIFF,원본 12행 vs DB 4행 (coverage 33.3%) | 원본 3개 vs DB 1개 테이블
6-5-2,액상형 흡수방지방수 도포,FAIL,6,9,1,3,33.3,ROW_MISSING;TABLE_COUNT_DIFF,원본 9행 vs DB 3행 (coverage 33.3%) | 원본 6개 vs DB 1개 테이블
3-4-7,되메우기 및 다짐(대형장비),FAIL,3,17,1,6,35.3,ROW_MISSING;TABLE_COUNT_DIFF,원본 17행 vs DB 6행 (coverage 35.3%) | 원본 3개 vs DB 1개 테이블
3-8-1,패널 설치,FAIL,4,14,1,5,35.7,ROW_MISSING;TABLE_COUNT_DIFF,원본 14행 vs DB 5행 (coverage 35.7%) | 원본 4개 vs DB 1개 테이블
9-1-2,1급 기준점 측량,FAIL,10,42,4,15,35.7,ROW_MISSING;TABLE_COUNT_DIFF,원본 42행 vs DB 15행 (coverage 35.7%) | 원본 10개 vs DB 4개 테이블
4-2-2,궤도양로,FAIL,2,11,1,4,36.4,ROW_MISSING,원본 11행 vs DB 4행 (coverage 36.4%)
8-2-7,모터 그레이더,FAIL,4,19,1,7,36.8,ROW_MISSING;TABLE_COUNT_DIFF,원본 19행 vs DB 7행 (coverage 36.8%) | 원본 4개 vs DB 1개 테이블
2-11-9,지능형 출입관리 설치 및 해체,FAIL,4,8,1,3,37.5,ROW_MISSING;TABLE_COUNT_DIFF,원본 8행 vs DB 3행 (coverage 37.5%) | 원본 4개 vs DB 1개 테이블
1-8-13,유색포장(미끄럼방지),FAIL,4,13,2,5,38.5,ROW_MISSING;TABLE_COUNT_DIFF,원본 13행 vs DB 5행 (coverage 38.5%) | 원본 4개 vs DB 2개 테이블
8-5-9,[80]스마트 건설장비,FAIL,2,75,2,29,38.7,ROW_MISSING,원본 75행 vs DB 29행 (coverage 38.7%)
10-7-2,스프링클러 전기설비설치,FAIL,7,10,1,4,40.0,ROW_MISSING;TABLE_COUNT_DIFF,원본 10행 vs DB 4행 (coverage 40.0%) | 원본 7개 vs DB 1개 테이블
3-2-5,터널굴착 1발파당 작업인원,FAIL,5,15,2,6,40.0,ROW_MISSING;TABLE_COUNT_DIFF,원본 15행 vs DB 6행 (coverage 40.0%) | 원본 5개 vs DB 2개 테이블
7-2-4,수상고르기,FAIL,3,10,1,4,40.0,ROW_MISSING;TABLE_COUNT_DIFF,원본 10행 vs DB 4행 (coverage 40.0%) | 원본 3개 vs DB 1개 테이블
8-2-2,리퍼(유압식),FAIL,8,25,2,10,40.0,ROW_MISSING;TABLE_COUNT_DIFF,원본 25행 vs DB 10행 (coverage 40.0%) | 원본 8개 vs DB 2개 테이블
8-4-2,[10]다짐기계,FAIL,7,79,3,32,40.5,ROW_MISSING;TABLE_COUNT_DIFF,원본 79행 vs DB 32행 (coverage 40.5%) | 원본 7개 vs DB 3개 테이블
5-1-2,H-Beam 설치,FAIL,16,44,2,18,40.9,ROW_MISSING;TABLE_COUNT_DIFF,원본 44행 vs DB 18행 (coverage 40.9%) | 원본 16개 vs DB 2개 테이블
6-3-2,강재거푸집 설치 및 해체,FAIL,5,39,4,16,41.0,ROW_MISSING,원본 39행 vs DB 16행 (coverage 41.0%)
3-3-1,암발파(미진동굴착 TYPE-Ⅰ),FAIL,7,29,5,12,41.4,ROW_MISSING;TABLE_COUNT_DIFF,원본 29행 vs DB 12행 (coverage 41.4%) | 원본 7개 vs DB 5개 테이블
2-2-3,가설시설물,FAIL,11,62,5,26,41.9,ROW_MISSING;TABLE_COUNT_DIFF,원본 62행 vs DB 26행 (coverage 41.9%) | 원본 11개 vs DB 5개 테이블
4-3-1,뿌리돌림,FAIL,7,31,3,13,41.9,ROW_MISSING;TABLE_COUNT_DIFF,원본 31행 vs DB 13행 (coverage 41.9%) | 원본 7개 vs DB 3개 테이블
1-2-12,예초,FAIL,10,19,4,8,42.1,ROW_MISSING;TABLE_COUNT_DIFF,원본 19행 vs DB 8행 (coverage 42.1%) | 원본 10개 vs DB 4개 테이블
1-6-4,콘크리트 표층 기계포설(대형장비),FAIL,2,14,1,6,42.9,ROW_MISSING,원본 14행 vs DB 6행 (coverage 42.9%)
1-7-4,투수아스팔트 표층 기계포설(소형장비),FAIL,4,16,1,7,43.8,ROW_MISSING;TABLE_COUNT_DIFF,원본 16행 vs DB 7행 (coverage 43.8%) | 원본 4개 vs DB 1개 테이블
12-2-4,Control Air 배관,FAIL,2,16,1,7,43.8,ROW_MISSING,원본 16행 vs DB 7행 (coverage 43.8%)
5-1-3,H-Beam 철거,FAIL,17,48,3,21,43.8,ROW_MISSING;TABLE_COUNT_DIFF,원본 48행 vs DB 21행 (coverage 43.8%) | 원본 17개 vs DB 3개 테이블
13-7-3,노체 4본주 및 DECK 설치,FAIL,3,18,1,8,44.4,ROW_MISSING;TABLE_COUNT_DIFF,원본 18행 vs DB 8행 (coverage 44.4%) | 원본 3개 vs DB 1개 테이블
3-2-4,터파기(기계),FAIL,16,36,8,16,44.4,ROW_MISSING;TABLE_COUNT_DIFF,원본 36행 vs DB 16행 (coverage 44.4%) | 원본 16개 vs DB 8개 테이블
4-4-3,잔디블록 포장,FAIL,3,9,1,4,44.4,ROW_MISSING;TABLE_COUNT_DIFF,원본 9행 vs DB 4행 (coverage 44.4%) | 원본 3개 vs DB 1개 테이블
13-9-4,오수처리시설 설치,FAIL,6,11,3,5,45.5,ROW_MISSING;TABLE_COUNT_DIFF,원본 11행 vs DB 5행 (coverage 45.5%) | 원본 6개 vs DB 3개 테이블
6-4-2,PSC BOX 설치,FAIL,10,37,6,17,45.9,ROW_MISSING;TABLE_COUNT_DIFF,원본 37행 vs DB 17행 (coverage 45.9%) | 원본 10개 vs DB 6개 테이블
1-8-11,중앙분리대 설치(가드레일식),FAIL,3,13,1,6,46.2,ROW_MISSING;TABLE_COUNT_DIFF,원본 13행 vs DB 6행 (coverage 46.2%) | 원본 3개 vs DB 1개 테이블
13-7-20,Roller Table 조립설치,FAIL,2,17,1,8,47.1,ROW_MISSING,원본 17행 vs DB 8행 (coverage 47.1%)
2-2-8,분기기교환(인력),FAIL,2,17,1,8,47.1,ROW_MISSING,원본 17행 vs DB 8행 (coverage 47.1%)
4-1-7,일반기계설비 철거 및 이설,FAIL,4,17,1,8,47.1,ROW_MISSING;TABLE_COUNT_DIFF,원본 17행 vs DB 8행 (coverage 47.1%) | 원본 4개 vs DB 1개 테이블
6-6-1,교량받침 설치(육상),FAIL,9,63,3,30,47.6,ROW_MISSING;TABLE_COUNT_DIFF,원본 63행 vs DB 30행 (coverage 47.6%) | 원본 9개 vs DB 3개 테이블
1-6-1,폴리부틸렌(PB) 일반접합 및 배관,WARN,2,10,1,5,50.0,ROW_PARTIAL,원본 10행 vs DB 5행 (coverage 50.0%)
3-4-2,작업대차 조립 및 해체,WARN,6,12,3,6,50.0,ROW_PARTIAL;TABLE_COUNT_DIFF,원본 12행 vs DB 6행 (coverage 50.0%) | 원본 6개 vs DB 3개 테이블
4-3-4,목재데크 설치,WARN,2,8,1,4,50.0,ROW_PARTIAL,원본 8행 vs DB 4행 (coverage 50.0%)
4-3-5,식재(흉고직경),WARN,2,18,1,9,50.0,ROW_PARTIAL,원본 18행 vs DB 9행 (coverage 50.0%)
4-4-5,녹지경계분리재 설치,WARN,2,4,1,2,50.0,ROW_PARTIAL,원본 4행 vs DB 2행 (coverage 50.0%)
7-1-4,카운터형 세면기 설치(일체형),WARN,6,10,1,5,50.0,ROW_PARTIAL;TABLE_COUNT_DIFF,원본 10행 vs DB 5행 (coverage 50.0%) | 원본 6개 vs DB 1개 테이블
8-6-2,건타입 오일버너,WARN,2,8,1,4,50.0,ROW_PARTIAL,원본 8행 vs DB 4행 (coverage 50.0%)
9-1-4,3급 기준점 측량,WARN,10,28,3,14,50.0,ROW_PARTIAL;TABLE_COUNT_DIFF,원본 28행 vs DB 14행 (coverage 50.0%) | 원본 10개 vs DB 3개 테이블
9-5-2,대공표지,WARN,6,22,3,11,50.0,ROW_PARTIAL;TABLE_COUNT_DIFF,원본 22행 vs DB 11행 (coverage 50.0%) | 원본 6개 vs DB 3개 테이블
1-1-4,용접공수 산정방법,WARN,8,42,6,22,52.4,ROW_PARTIAL;TABLE_COUNT_DIFF,원본 42행 vs DB 22행 (coverage 52.4%) | 원본 8개 vs DB 6개 테이블
2-1-20,재래난간 철거공,WARN,2,15,1,8,53.3,ROW_PARTIAL,원본 15행 vs DB 8행 (coverage 53.3%)
13-7-18,가열로 및 균열로 부속기기 조립설치,WARN,2,13,1,7,53.8,ROW_PARTIAL,원본 13행 vs DB 7행 (coverage 53.8%)
2-4-10,빗물받이 준설(흡입식),WARN,8,13,4,7,53.8,ROW_PARTIAL;TABLE_COUNT_DIFF,원본 13행 vs DB 7행 (coverage 53.8%) | 원본 8개 vs DB 4개 테이블
3-7-4,절토사면 녹화,WARN,12,42,5,23,54.8,ROW_PARTIAL;TABLE_COUNT_DIFF,원본 42행 vs DB 23행 (coverage 54.8%) | 원본 12개 vs DB 5개 테이블
1-6-2,표층 인력포설,WARN,3,9,2,5,55.6,ROW_PARTIAL,원본 9행 vs DB 5행 (coverage 55.6%)
13-7-1,고로본체 및 부속기기 설치,WARN,2,14,1,8,57.1,ROW_PARTIAL,원본 14행 vs DB 8행 (coverage 57.1%)
3-3-2,재도장 시 바탕처리(철재면),WARN,4,7,1,4,57.1,ROW_PARTIAL;TABLE_COUNT_DIFF,원본 7행 vs DB 4행 (coverage 57.1%) | 원본 4개 vs DB 1개 테이블
6-5-1,빔 가설공,WARN,2,14,1,8,57.1,ROW_PARTIAL,원본 14행 vs DB 8행 (coverage 57.1%)
8-2-3,굴착기,WARN,8,42,6,24,57.1,ROW_PARTIAL;TABLE_COUNT_DIFF,원본 42행 vs DB 24행 (coverage 57.1%) | 원본 8개 vs DB 6개 테이블
1-8-9,차선도색,WARN,15,33,8,19,57.6,ROW_PARTIAL;TABLE_COUNT_DIFF,원본 33행 vs DB 19행 (coverage 57.6%) | 원본 15개 vs DB 8개 테이블
2-1-2,현장사무소 등의 규모(건축 및 기계설비),WARN,12,66,7,38,57.6,ROW_PARTIAL;TABLE_COUNT_DIFF,원본 66행 vs DB 38행 (coverage 57.6%) | 원본 12개 vs DB 7개 테이블
9-2-2,1급 수준측량,WARN,12,31,4,18,58.1,ROW_PARTIAL;TABLE_COUNT_DIFF,원본 31행 vs DB 18행 (coverage 58.1%) | 원본 12개 vs DB 4개 테이블
5-2-3,플라스틱 보드 드레인(PBD),WARN,11,41,5,24,58.5,ROW_PARTIAL;TABLE_COUNT_DIFF,원본 41행 vs DB 24행 (coverage 58.5%) | 원본 11개 vs DB 5개 테이블
7-1-3,준설선 선단 조합,WARN,8,34,3,20,58.8,ROW_PARTIAL;TABLE_COUNT_DIFF,원본 34행 vs DB 20행 (coverage 58.8%) | 원본 8개 vs DB 3개 테이블
9-5-9,정밀도로지도 구축,WARN,8,44,6,26,59.1,ROW_PARTIAL;TABLE_COUNT_DIFF,원본 44행 vs DB 26행 (coverage 59.1%) | 원본 8개 vs DB 6개 테이블
1-2-2,단위표준,WARN,15,98,4,58,59.2,ROW_PARTIAL;TABLE_COUNT_DIFF,원본 98행 vs DB 58행 (coverage 59.2%) | 원본 15개 vs DB 4개 테이블
5-3-5,현장타설말뚝,WARN,35,94,19,56,59.6,ROW_PARTIAL;TABLE_COUNT_DIFF,원본 94행 vs DB 56행 (coverage 59.6%) | 원본 35개 vs DB 19개 테이블
2-3-3,블록 붙이기(기계),WARN,2,5,1,3,60.0,ROW_PARTIAL,원본 5행 vs DB 3행 (coverage 60.0%)
2-5-4,평･귀규준틀 설치 및 철거,WARN,2,5,1,3,60.0,ROW_PARTIAL,원본 5행 vs DB 3행 (coverage 60.0%)
3-4-5,타일 교체,WARN,7,10,1,6,60.0,ROW_PARTIAL;TABLE_COUNT_DIFF,원본 10행 vs DB 6행 (coverage 60.0%) | 원본 7개 vs DB 1개 테이블
8-4-1,[00]토공기계,WARN,9,96,4,58,60.4,ROW_PARTIAL;TABLE_COUNT_DIFF,원본 96행 vs DB 58행 (coverage 60.4%) | 원본 9개 vs DB 4개 테이블
13-1-7,장거리 배관,WARN,2,21,1,13,61.9,ROW_PARTIAL,원본 21행 vs DB 13행 (coverage 61.9%)
5-1-5,어스앵커 공법,WARN,9,32,6,20,62.5,ROW_PARTIAL;TABLE_COUNT_DIFF,원본 32행 vs DB 20행 (coverage 62.5%) | 원본 9개 vs DB 6개 테이블
8-2-5,로더,WARN,9,24,5,15,62.5,ROW_PARTIAL;TABLE_COUNT_DIFF,원본 24행 vs DB 15행 (coverage 62.5%) | 원본 9개 vs DB 5개 테이블
8-3-2,[10]다짐기계,WARN,14,57,8,36,63.2,ROW_PARTIAL;TABLE_COUNT_DIFF,원본 57행 vs DB 36행 (coverage 63.2%) | 원본 14개 vs DB 8개 테이블
2-4-12,주철관 철거,WARN,2,11,1,7,63.6,ROW_PARTIAL,원본 11행 vs DB 7행 (coverage 63.6%)
13-4-1,보통 철골재,WARN,3,17,2,11,64.7,ROW_PARTIAL,원본 17행 vs DB 11행 (coverage 64.7%)
5-2-2,고압분사 주입공법,WARN,18,40,8,26,65.0,ROW_PARTIAL;TABLE_COUNT_DIFF,원본 40행 vs DB 26행 (coverage 65.0%) | 원본 18개 vs DB 8개 테이블
2-1-8,소파보수(표층),WARN,10,26,9,17,65.4,ROW_PARTIAL,원본 26행 vs DB 17행 (coverage 65.4%)
1-4-3,작업지연,WARN,8,30,4,20,66.7,ROW_PARTIAL;TABLE_COUNT_DIFF,원본 30행 vs DB 20행 (coverage 66.7%) | 원본 8개 vs DB 4개 테이블
1-5-7,아스팔트 표층 기계포설(대형장비),WARN,2,15,1,10,66.7,ROW_PARTIAL,원본 15행 vs DB 10행 (coverage 66.7%)
13-11-2,Cooling Tower 설치,WARN,3,21,2,14,66.7,ROW_PARTIAL,원본 21행 vs DB 14행 (coverage 66.7%)
13-8-4,반건식 반응탑 설치,WARN,2,21,1,14,66.7,ROW_PARTIAL,원본 21행 vs DB 14행 (coverage 66.7%)
5-3-1,기성말뚝 기초,WARN,23,75,15,51,68.0,ROW_PARTIAL;TABLE_COUNT_DIFF,원본 75행 vs DB 51행 (coverage 68.0%) | 원본 23개 vs DB 15개 테이블
6-1-4,콘크리트 펌프차 타설,WARN,11,22,8,15,68.2,ROW_PARTIAL;TABLE_COUNT_DIFF,원본 22행 vs DB 15행 (coverage 68.2%) | 원본 11개 vs DB 8개 테이블
5-3-3,말뚝두부정리(강관),WARN,8,19,5,13,68.4,ROW_PARTIAL;TABLE_COUNT_DIFF,원본 19행 vs DB 13행 (coverage 68.4%) | 원본 8개 vs DB 5개 테이블
13-9-2,모노레일 설치,WARN,5,10,2,7,70.0,ROW_PARTIAL;TABLE_COUNT_DIFF,원본 10행 vs DB 7행 (coverage 70.0%) | 원본 5개 vs DB 2개 테이블
2-1-22,교통 안전표지판 교체,WARN,4,10,3,7,70.0,ROW_PARTIAL,원본 10행 vs DB 7행 (coverage 70.0%)
6-6-7,프리캐스트 콘크리트 패널 설치,WARN,2,14,1,10,71.4,ROW_PARTIAL,원본 14행 vs DB 10행 (coverage 71.4%)
9-3-2,하천측량,WARN,7,49,7,35,71.4,ROW_PARTIAL,원본 49행 vs DB 35행 (coverage 71.4%)
13-7-14,혼선로 및 전로 본체 조립 설치,WARN,5,18,2,13,72.2,ROW_PARTIAL;TABLE_COUNT_DIFF,원본 18행 vs DB 13행 (coverage 72.2%) | 원본 5개 vs DB 2개 테이블
2-2-12,도상갱환,WARN,4,11,4,8,72.7,ROW_PARTIAL,원본 11행 vs DB 8행 (coverage 72.7%)
1-2-4,재료 및 자재의 단가,WARN,8,89,6,65,73.0,ROW_PARTIAL;TABLE_COUNT_DIFF,원본 89행 vs DB 65행 (coverage 73.0%) | 원본 8개 vs DB 6개 테이블
1-2-7,운반,WARN,12,53,7,39,73.6,ROW_PARTIAL;TABLE_COUNT_DIFF,원본 53행 vs DB 39행 (coverage 73.6%) | 원본 12개 vs DB 7개 테이블
12-1-2,플랜트 계기 설치,WARN,3,64,3,48,75.0,ROW_PARTIAL,원본 64행 vs DB 48행 (coverage 75.0%)
8-3-5,[40]콘크리트기계,WARN,15,45,11,34,75.6,ROW_PARTIAL;TABLE_COUNT_DIFF,원본 45행 vs DB 34행 (coverage 75.6%) | 원본 15개 vs DB 11개 테이블
1-5-5,아스팔트 표층 소규모포설,WARN,2,13,1,10,76.9,ROW_PARTIAL,원본 13행 vs DB 10행 (coverage 76.9%)
4-2-5,레인지후드 설치,WARN,7,9,5,7,77.8,ROW_PARTIAL;TABLE_COUNT_DIFF,원본 9행 vs DB 7행 (coverage 77.8%) | 원본 7개 vs DB 5개 테이블
6-1-3,방수층보호재 붙임,WARN,7,9,3,7,77.8,ROW_PARTIAL;TABLE_COUNT_DIFF,원본 9행 vs DB 7행 (coverage 77.8%) | 원본 7개 vs DB 3개 테이블
9-7-2,신규등록측량(수치),WARN,8,37,8,29,78.4,ROW_PARTIAL,원본 37행 vs DB 29행 (coverage 78.4%)
9-3-1,지형현황,WARN,16,67,16,53,79.1,ROW_PARTIAL,원본 67행 vs DB 53행 (coverage 79.1%)
13-5-2,보일러 드럼 설치,WARN,7,63,10,50,79.4,ROW_PARTIAL,원본 63행 vs DB 50행 (coverage 79.4%)
2-2-5,레일교환(기계),INFO,2,15,2,12,80.0,ROW_MINOR_DIFF,원본 15행 vs DB 12행 (coverage 80.0%)
8-2-19,콘크리트 운반,INFO,2,5,2,4,80.0,ROW_MINOR_DIFF,원본 5행 vs DB 4행 (coverage 80.0%)
8-5-1,[00]토공기계,WARN,10,100,4,80,80.0,ROW_MINOR_DIFF;TABLE_COUNT_DIFF,원본 100행 vs DB 80행 (coverage 80.0%) | 원본 10개 vs DB 4개 테이블
1-3-1,재료의 할증,WARN,27,202,24,162,80.2,ROW_MINOR_DIFF;TABLE_COUNT_DIFF,원본 202행 vs DB 162행 (coverage 80.2%) | 원본 27개 vs DB 24개 테이블
6-8-1,주철제 게이트 제수밸브 부설 및 접합,INFO,2,26,1,21,80.8,ROW_MINOR_DIFF,원본 26행 vs DB 21행 (coverage 80.8%)
5-4-1,차수재공,INFO,7,27,6,22,81.5,ROW_MINOR_DIFF,원본 27행 vs DB 22행 (coverage 81.5%)
13-4-3,STORAGE TANK,WARN,14,77,10,64,83.1,ROW_MINOR_DIFF;TABLE_COUNT_DIFF,원본 77행 vs DB 64행 (coverage 83.1%) | 원본 14개 vs DB 10개 테이블
10-4-3,코킹,INFO,5,6,5,5,83.3,ROW_MINOR_DIFF,원본 6행 vs DB 5행 (coverage 83.3%)
13-11-5,공사별 설치 소모자재[참고],INFO,3,48,4,40,83.3,ROW_MINOR_DIFF,원본 48행 vs DB 40행 (coverage 83.3%)
1-3-8,교량받침 교체,INFO,4,37,7,31,83.8,ROW_MINOR_DIFF,원본 37행 vs DB 31행 (coverage 83.8%)
3-9-2,뿌리뽑기,INFO,3,20,2,17,85.0,ROW_MINOR_DIFF,원본 20행 vs DB 17행 (coverage 85.0%)
9-5-1,항공사진촬영,INFO,15,103,16,88,85.4,ROW_MINOR_DIFF,원본 103행 vs DB 88행 (coverage 85.4%)
1-4-7,작업환경,INFO,6,14,6,12,85.7,ROW_MINOR_DIFF,원본 14행 vs DB 12행 (coverage 85.7%)
2-1-15,차선도색,INFO,9,28,8,24,85.7,ROW_MINOR_DIFF,원본 28행 vs DB 24행 (coverage 85.7%)
9-13-1,지적재조사측량,INFO,4,42,8,36,85.7,ROW_MINOR_DIFF,원본 42행 vs DB 36행 (coverage 85.7%)
9-5-5,건물 및 지상물체 항공사진 ｢판독작업｣,INFO,12,14,12,12,85.7,ROW_MINOR_DIFF,원본 14행 vs DB 12행 (coverage 85.7%)
1-4-4,지세/지형,INFO,9,44,9,39,88.6,ROW_MINOR_DIFF,원본 44행 vs DB 39행 (coverage 88.6%)
8-2-14,압쇄기(콘크리트 소할용),INFO,5,9,5,8,88.9,ROW_MINOR_DIFF,원본 9행 vs DB 8행 (coverage 88.9%)
7-2-2,찰붙임,INFO,2,10,3,9,90.0,ROW_MINOR_DIFF,원본 10행 vs DB 9행 (coverage 90.0%)
9-2-5,4급 GNSS 높이측량,INFO,6,21,6,19,90.5,ROW_MINOR_DIFF,원본 21행 vs DB 19행 (coverage 90.5%)
2-1-31,보도용 블록 소규모보수,INFO,4,11,4,10,90.9,ROW_MINOR_DIFF,원본 11행 vs DB 10행 (coverage 90.9%)
9-3-4,구획정리 확정측량,INFO,18,95,23,87,91.6,ROW_MINOR_DIFF,원본 95행 vs DB 87행 (coverage 91.6%)
2-1-32,보차도 및 도로경계블록 철거,INFO,2,12,2,11,91.7,ROW_MINOR_DIFF,원본 12행 vs DB 11행 (coverage 91.7%)
4-5-1,가스압접,INFO,2,12,2,11,91.7,ROW_MINOR_DIFF,원본 12행 vs DB 11행 (coverage 91.7%)
8-2-26,유압식 압입 인발기(유압식 압입 인발공),INFO,6,12,6,11,91.7,ROW_MINOR_DIFF,원본 12행 vs DB 11행 (coverage 91.7%)
9-7-3,토지구획정리 신규등록 측량(수치),INFO,6,48,8,44,91.7,ROW_MINOR_DIFF,원본 48행 vs DB 44행 (coverage 91.7%)
9-7-4,경지구획정리 신규등록 측량(수치),INFO,4,36,6,33,91.7,ROW_MINOR_DIFF,원본 36행 vs DB 33행 (coverage 91.7%)
3-1-1,일반마감 배관보온,INFO,1,14,2,13,92.9,ROW_MINOR_DIFF,원본 14행 vs DB 13행 (coverage 92.9%)
9-9-2,분할측량(수치),INFO,10,43,10,40,93.0,ROW_MINOR_DIFF,원본 43행 vs DB 40행 (coverage 93.0%)
9-11-2,경지구획정리 지적확정측량,INFO,8,58,10,54,93.1,ROW_MINOR_DIFF,원본 58행 vs DB 54행 (coverage 93.1%)
1-2-20,가로수 제거,INFO,2,15,2,14,93.3,ROW_MINOR_DIFF,원본 15행 vs DB 14행 (coverage 93.3%)
9-7-1,신규등록측량(도해),INFO,15,46,15,43,93.5,ROW_MINOR_DIFF,원본 46행 vs DB 43행 (coverage 93.5%)
1-7-2,보도용 블록 설치(대형),INFO,4,16,4,15,93.8,ROW_MINOR_DIFF,원본 16행 vs DB 15행 (coverage 93.8%)
9-2-4,3급 GNSS 높이측량,INFO,3,16,3,15,93.8,ROW_MINOR_DIFF,원본 16행 vs DB 15행 (coverage 93.8%)
9-8-2,등록전환 측량(수치),INFO,8,32,8,30,93.8,ROW_MINOR_DIFF,원본 32행 vs DB 30행 (coverage 93.8%)
6-3-9,지수판 설치,INFO,6,17,6,16,94.1,ROW_MINOR_DIFF,원본 17행 vs DB 16행 (coverage 94.1%)
8-2-24,진동파일 해머,INFO,21,52,22,49,94.2,ROW_MINOR_DIFF,원본 52행 vs DB 49행 (coverage 94.2%)
8-4-3,[20]운반 및 하역기계,INFO,3,69,5,65,94.2,ROW_MINOR_DIFF,원본 69행 vs DB 65행 (coverage 94.2%)
9-10-1,축척변경 측량(도해지역에서 도해지역으로),INFO,12,35,12,33,94.3,ROW_MINOR_DIFF,원본 35행 vs DB 33행 (coverage 94.3%)
2-1-30,보도용 블록 재설치(대형),INFO,4,18,4,17,94.4,ROW_MINOR_DIFF,원본 18행 vs DB 17행 (coverage 94.4%)
1-4-5,위험,PASS,4,20,4,19,95.0,,
9-15-3,지적불부합지조사 측량(도해),PASS,10,40,10,38,95.0,,
9-2-1,기본 수준측량,PASS,3,42,6,40,95.2,,
13-6-6,Stop-Log 설치,PASS,3,22,3,21,95.5,,
9-11-1,토지구획정리 지적확정측량,PASS,8,68,10,65,95.6,,
13-10-4,천장크레인 레일설치,PASS,3,24,3,23,95.8,,
9-4-2,수도노선측량,PASS,4,24,4,23,95.8,,
13-6-15,Trash Rack 제작,PASS,4,25,4,24,96.0,,
9-15-1,지적현황 측량(도해),PASS,16,50,17,48,96.0,,
10-8-1,소화약제 소화설비설치,PASS,1,27,2,26,96.3,,
9-14-2,경계복원 측량(수치),PASS,8,31,8,30,96.8,,
9-15-2,지적현황 측량(수치),PASS,8,33,8,32,97.0,,
9-8-1,등록전환 측량(도해),PASS,11,42,11,41,97.6,,
9-14-1,경계복원 측량(도해),PASS,18,48,18,47,97.9,,
9-16-2,도시계획선명시 측량(수치),PASS,15,50,15,49,98.0,,
8-2-9,롤러,PASS,5,56,6,55,98.2,,
13-6-1,수차 설치,PASS,5,93,6,92,98.9,,
1-2-3,토질,PASS,3,34,3,34,100.0,,
1-2-8,작업조 구성 및 적용,PASS,2,16,3,16,100.0,,
1-3-10,플륨관 해체,PASS,1,3,1,3,100.0,,
1-3-9,교량신축이음 교체,PASS,1,24,3,24,100.0,,
1-9-4,낙석방지망 설치,PASS,7,20,7,20,100.0,,
12-3-3,콘솔(Console) 설치,PASS,6,10,6,10,100.0,,
13-1-3,밸브 취부,PASS,2,16,6,16,100.0,,
13-1-4,Fitting 취부,PASS,2,23,6,23,100.0,,
13-1-5,Flange 취부,PASS,5,62,20,62,100.0,,
13-10-2,OVER HEAD CRANE 설치,PASS,4,28,4,28,100.0,,
13-10-3,GANTRY CRANE 설치,PASS,7,54,7,54,100.0,,
13-2-1,강관절단,PASS,2,24,3,24,100.0,,
13-2-2,강판절단,PASS,2,27,2,27,100.0,,
13-3-1,pipe보온,PASS,1,7,1,7,100.0,,
13-3-2,기기보온,PASS,2,19,2,19,100.0,,
13-5-1,보일러 설치,PASS,3,49,5,49,100.0,,
13-5-10,복수기 설치,PASS,3,29,3,29,100.0,,
13-5-11,왕복압축기 설치,PASS,1,15,2,15,100.0,,
13-5-12,펌프 설치,PASS,2,25,2,25,100.0,,
13-5-13,Boiler Feed Pump 설치,PASS,4,28,4,28,100.0,,
13-5-14,Heater 및 Tank 설치,PASS,2,38,4,38,100.0,,
13-5-6,Soot Blower,PASS,3,28,3,28,100.0,,
13-5-7,Fan 설치,PASS,1,19,2,19,100.0,,
13-6-10,Steel Penstock 현장설치,PASS,1,36,2,36,100.0,,
13-6-11,Roller Gate Guide Metal 제작,PASS,2,27,2,27,100.0,,
13-6-13,Tainter Gate Guide Metal 제작,PASS,2,26,2,26,100.0,,
13-6-14,Tainter Gate Guide Metal 설치,PASS,2,27,2,27,100.0,,
13-6-16,Trash Rack 설치,PASS,5,62,5,62,100.0,,
13-6-17,Tainter Gate Anchorage 제관,PASS,2,31,2,31,100.0,,
13-6-3,수문 제작,PASS,7,94,7,94,100.0,,
13-6-4,수문 설치,PASS,6,68,6,68,100.0,,
13-6-5,Stop-Log 제작,PASS,5,61,5,61,100.0,,
13-6-7,수문 Hoist 설치,PASS,6,52,6,52,100.0,,
13-7-16,가열로 본체 및 Recuperator실 조립설치,PASS,2,17,2,17,100.0,,
13-7-21,전기집진기 설치(Electric Precipitator),PASS,1,19,1,19,100.0,,
13-8-2,폐열보일러 설치,PASS,1,29,2,29,100.0,,
13-8-5,탈질설비 설치,PASS,5,46,5,46,100.0,,
13-8-6,여과집진기 설치(Bag filter),PASS,2,26,3,26,100.0,,
13-8-7,활성탄･반응조제 및 소석회 공급설비 설치,PASS,2,24,3,24,100.0,,
2-1-10,소파보수(도로복구),PASS,10,21,10,21,100.0,,
2-1-11,맨홀보수,PASS,4,11,5,11,100.0,,
2-12-4,파이프 루프공,PASS,6,35,6,35,100.0,,
2-4-13,원심력철근콘크리트관 철거,PASS,1,15,1,15,100.0,,
3-1-5,석축 헐기(인력),PASS,1,4,1,4,100.0,,
3-11-2,머신 컨트롤(MC) 굴착기,PASS,2,6,2,6,100.0,,
3-3-8,암파쇄(유압식 할암공법),PASS,5,17,5,17,100.0,,
3-4-3,터널바닥 암반청소,PASS,1,6,1,6,100.0,,
3-7-5,비탈면 보강공,PASS,4,12,4,12,100.0,,
4-6-10,목침목 탄성체결장치 설치,PASS,1,2,1,2,100.0,,
5-2-4,다짐말뚝,PASS,8,13,8,13,100.0,,
6-2-1,세대용 설치,PASS,3,9,4,9,100.0,,
6-3-6,슬립폼 공법,PASS,4,8,4,8,100.0,,
6-6-2,교량받침 설치(수상),PASS,1,30,3,30,100.0,,
6-8-2,강관제 게이트 제수밸브 부설 및 접합,PASS,4,21,4,21,100.0,,
6-8-3,주철제･강관제 버터플라이 제수밸브 부설 및 접합,PASS,2,27,2,27,100.0,,
6-8-4,부단수 할정자관 부설 및 접합,PASS,3,20,3,20,100.0,,
6-8-5,부단수 천공 분기점 분기,PASS,3,26,3,26,100.0,,
6-8-7,플랜지 조인트 접합,PASS,1,25,2,25,100.0,,
8-2-25,진동파일해머(워터제트 병용 압입공),PASS,7,41,7,41,100.0,,
8-2-28,터널전단면 굴착기(TBM),PASS,4,5,4,5,100.0,,
8-2-32,이동식 임목파쇄기,PASS,3,3,3,3,100.0,,
8-2-6,모터 스크레이퍼,PASS,3,15,3,15,100.0,,
8-3-1,[00]토공기계,PASS,22,87,23,87,100.0,,
8-3-10,[90]해상장비,PASS,9,81,15,81,100.0,,
8-4-6,[50]골재생산기계 등,PASS,2,32,3,32,100.0,,
8-4-7,[60]기초공사용 기계,PASS,2,30,3,30,100.0,,
8-4-8,[70]기타기계,PASS,2,54,5,54,100.0,,
8-4-9,[90]해상기계,PASS,7,28,7,28,100.0,,
8-5-2,[10]다짐기계,PASS,1,32,1,32,100.0,,
8-5-3,[20]운반 및 하역기계,PASS,2,74,3,74,100.0,,
8-5-4,[30]포장기계,PASS,1,27,1,27,100.0,,
8-5-5,[40]콘크리트기계,PASS,1,33,1,33,100.0,,
8-5-6,[50]골재생산기계 등,PASS,2,76,3,76,100.0,,
8-5-7,[60]기초공사용기계,PASS,3,71,3,71,100.0,,
8-5-8,[70]기타기계,PASS,4,110,4,110,100.0,,
9-10-2,축척변경 측량(도해지역에서 수치지역으로),PASS,6,30,6,30,100.0,,
9-12-1,예정지적좌표도 작성업무,PASS,2,14,2,14,100.0,,
9-16-1,도시계획선명시 측량(도해),PASS,12,34,12,34,100.0,,
9-17-1,자동제도(좌표독취),PASS,4,20,6,20,100.0,,
9-17-5,조서작성,PASS,1,5,1,5,100.0,,
9-3-3,택지조성측량,PASS,8,78,8,78,100.0,,
9-5-6,지도제작(기본도),PASS,34,45,34,45,100.0,,
9-5-7,토지이용 현황도 제작,PASS,10,10,10,10,100.0,,
9-6-1,지적삼각측량,PASS,4,40,8,40,100.0,,
9-6-3,지적기준점현황조사,PASS,4,32,4,32,100.0,,
9-9-1,분할측량(도해),PASS,14,42,14,42,100.0,,
9-5-4,수치지도 작성,PASS,207,439,219,441,100.5,,
13-6-2,발전기 설치,PASS,8,121,9,122,100.8,,
13-6-8,Spiral Casing 설치,PASS,4,87,5,88,101.1,,
9-4-3,디지털 도로대장 작성,PASS,18,75,18,76,101.3,,
13-6-12,Roller Gate Guide Metal 설치,PASS,4,65,5,66,101.5,,
13-6-9,Steel Penstock 제작,PASS,4,63,4,64,101.6,,
13-1-8,이중보온관 설치,PASS,5,59,9,60,101.7,,
13-1-2,관만곡(Pipe Bending) 설치,PASS,5,55,18,56,101.8,,
13-11-3,Batcher Plant 설치,PASS,5,50,5,51,102.0,,
8-2-12,크러셔,PASS,14,142,22,145,102.1,,
13-2-7,아세틸렌량의 환산,PASS,5,90,21,92,102.2,,
8-3-6,[50]골재생산기계 등,PASS,30,110,32,114,103.6,,
9-1-3,2급 기준점 측량,PASS,6,28,6,29,103.6,,
6-8-6,부단수 천공 새들분수전 분기점 분기,PASS,3,25,4,26,104.0,,
13-5-8,터빈 설치,PASS,3,70,5,73,104.3,,
13-5-9,발전기 설치,PASS,3,46,4,48,104.3,,
13-8-1,소각로 설치,PASS,3,41,4,43,104.9,,
13-2-6,응력제거,PASS,8,48,8,51,106.2,,
1-9-1,방음벽 설치,PASS,4,15,4,16,106.7,,
7-4-5,펌프준설 매립시의 유보율 등,PASS,5,15,5,16,106.7,,
5-4-9,외벽단열공법,PASS,18,37,18,40,108.1,,
13-2-3,강관용접,PASS,7,96,12,104,108.3,,
8-2-13,대형브레이커,PASS,4,12,4,13,108.3,,
9-17-4,도면작성,PASS,10,24,10,26,108.3,,
8-2-8,덤프트럭,PASS,10,35,10,38,108.6,,
1-2-9,소규모(작업물량 제한),PASS,6,34,6,37,108.8,,
5-1-6,복공판 설치,PASS,4,11,4,12,109.1,,
9-3-5,용지측량,PASS,4,22,5,24,109.1,,
8-2-22,디젤 파일 해머,PASS,11,54,11,59,109.3,,
13-2-5,예열(Electric Resistance Heating),PASS,3,21,4,23,109.5,,
9-6-2,지적도근점측량,PASS,11,57,15,63,110.5,,
9-5-10,무인비행장치 측량,PASS,18,70,29,78,111.4,,
8-3-4,[30]포장기계,PASS,14,34,14,38,111.8,,
8-2-29,펌프식 준설선,PASS,15,82,15,92,112.2,,
2-6-2,"강관 동바리 설치 및 해체(건축, 기계설비)",PASS,9,16,9,18,112.5,,
8-2-33,하천골재채취선,PASS,7,16,7,18,112.5,,
9-1-1,GNSS에 의한 기준점 측량,PASS,2,8,2,9,112.5,,
8-2-30,그래브 준설선,PASS,15,69,15,78,113.0,,
13-1-1,플랜트 배관 설치,PASS,16,220,20,252,114.5,,
8-3-7,[60]기초공사용 기계,PASS,22,67,22,77,114.9,,
9-1-5,4급 기준점 측량,PASS,6,20,7,23,115.0,,
6-4-1,PSC빔 제작,PASS,8,26,8,30,115.4,,
8-3-3,[20]운반 및 하역기계,PASS,18,68,21,79,116.2,,
8-2-23,유압 파일 해머,PASS,16,28,16,33,117.9,,
2-1-9,소파보수(포장복구),PASS,7,17,7,21,123.5,,
1-3-2,용접배관,PASS,2,21,2,26,123.8,,
13-2-4,강판 전기아크용접,WARN,5,53,18,66,124.5,CROSS_TYPE,"chunk C-0956-D에 다른 헤더 유형 혼재: {'한면양면', 'V형_하횡입'}"
13-10-1,OPEN BELT CONVEYOR 설치,PASS,2,8,2,10,125.0,,
4-2-4,수장합판 설치,WARN,7,11,3,14,127.3,TABLE_COUNT_DIFF,원본 7개 vs DB 3개 테이블
8-3-8,[70]기타기계,PASS,47,122,49,156,127.9,,
2-1-1,벽돌 쌓기,PASS,2,7,1,9,128.6,,
8-2-27,수중펌프,PASS,5,8,5,11,137.5,,
8-2-31,쇄암선(중추식),PASS,5,13,5,18,138.5,,
8-3-9,[80]스마트 건설장비,PASS,7,5,7,7,140.0,,
1-6-3,가교화 폴리에틸렌관 접합 및 배관,PASS,2,4,1,6,150.0,,
6-3-10,신축이음(Expansion Joint) 설치,PASS,4,11,4,18,163.6,,
9-2-3,2급 수준측량,PASS,4,19,8,33,173.7,,
8-2-21,경운기,PASS,1,1,1,2,200.0,,
13-5-3,"덕트제작(Air, Gas)",PASS,1,11,3,24,218.2,,
8-2-20,기관차,PASS,3,3,3,7,233.3,,
8-5-10,[90]해상기계,PASS,3,33,3,79,239.4,,
7-3-1,루프드레인 설치,PASS,1,2,7,12,600.0,,
1-1,일반사항,DB_ONLY,0,0,0,0,,,
1-1#2,공통사항,DB_ONLY,0,0,0,0,,,
1-1#3,철골 가공 조립(공장생산),DB_ONLY,0,0,0,0,,,
1-1#4,강관,DB_ONLY,0,0,0,0,,,
1-1#5,토공사,DB_ONLY,0,0,0,0,,,
1-1-1,비탈면 보강공,FAIL,5,11,0,0,0.0,ROW_MISSING;TABLE_MISSING,원본 11행 vs DB 0행 (coverage 0.0%) | 원본에 5개 테이블이 있지만 DB에 0개
1-1-1#2,교통통제 및 안전처리,DB_ONLY,0,0,0,0,,,
1-1-1#3,기본철골공수,DB_ONLY,0,0,0,0,,,
1-1-1#4,용접접합,DB_ONLY,0,0,1,8,,,
1-1-1#5,비탈면 보강공,DB_ONLY,0,0,5,11,,,
1-1-2,용접배관,FAIL,2,25,0,0,0.0,ROW_MISSING;TABLE_MISSING,원본 25행 vs DB 0행 (coverage 0.0%) | 원본에 2개 테이블이 있지만 DB에 0개
1-1-2#2,유도선 설치 및 해체,DB_ONLY,0,0,3,8,,,
1-1-2#3,철골공수 산정방법,DB_ONLY,0,0,2,10,,,
1-1-2#4,용접배관,DB_ONLY,0,0,1,16,,,
1-1-2#5,지압판블록 설치,DB_ONLY,0,0,1,7,,,
1-1-3,기본용접공수,FAIL,10,30,0,0,0.0,ROW_MISSING;TABLE_MISSING,원본 30행 vs DB 0행 (coverage 0.0%) | 원본에 10개 테이블이 있지만 DB에 0개
1-1-3#2,기본용접공수,DB_ONLY,0,0,1,1,,,
1-1-3#3,나사식 접합 및 배관,DB_ONLY,0,0,4,9,,,
1-1-3#4,비탈면 점검로 설치,DB_ONLY,0,0,1,2,,,
1-1-4#2,그루브조인트식 접합 및 배관,DB_ONLY,0,0,2,19,,,
1-2,설계 및 수량,DB_ONLY,0,0,0,0,,,
1-2#2,동상방지층,DB_ONLY,0,0,0,0,,,
1-2#3,철골 세우기,DB_ONLY,0,0,0,0,,,
1-2#4,동관,DB_ONLY,0,0,0,0,,,
1-2#5,조경공사,DB_ONLY,0,0,0,0,,,
1-2-1,인력식 소규모장비 포설,FAIL,13,44,0,0,0.0,ROW_MISSING;TABLE_MISSING,원본 44행 vs DB 0행 (coverage 0.0%) | 원본에 13개 테이블이 있지만 DB에 0개
1-2-1#3,현장 세우기,DB_ONLY,0,0,8,10,,,
1-2-1#4,용접접합,DB_ONLY,0,0,2,24,,,
1-2-1#5,교통통제 및 안전처리,DB_ONLY,0,0,0,0,,,
1-2-10,제초,FAIL,8,13,0,0,0.0,SECTION_MISSING,원본 8개 테이블/13행이 DB에 없음
1-2-11,잔디깎기,DB_ONLY,0,0,5,7,,,
1-2-13,교목시비(喬⽊施肥),DB_ONLY,0,0,2,6,,,
1-2-14,관목시비(灌⽊施肥),DB_ONLY,0,0,3,6,,,
1-2-15,잔디시비,FAIL,5,12,0,0,0.0,SECTION_MISSING,원본 5개 테이블/12행이 DB에 없음
1-2-16,약제살포(기계),DB_ONLY,0,0,1,4,,,
1-2-17,약제살포(인력),DB_ONLY,0,0,1,1,,,
1-2-18,방풍벽 설치(거적세우기),DB_ONLY,0,0,2,5,,,
1-2-19,은행나무 과실채취,FAIL,5,10,0,0,0.0,SECTION_MISSING,원본 5개 테이블/10행이 DB에 없음
1-2-2#2,기계포설(길어깨),DB_ONLY,0,0,1,5,,,
1-2-2#3,탑다운공법 지하 현장 세우기,DB_ONLY,0,0,10,13,,,
1-2-2#4,용접배관,DB_ONLY,0,0,2,16,,,
1-2-2#5,일반전정,DB_ONLY,0,0,2,10,,,
1-2-3#2,기계포설(본선),DB_ONLY,0,0,1,4,,,
1-2-3#3,철골세우기 장비의 작업능력,DB_ONLY,0,0,1,6,,,
1-2-3#4,조형전정,DB_ONLY,0,0,2,10,,,
1-2-4#2,고장력 볼트 본조임,DB_ONLY,0,0,3,5,,,
1-2-4#3,가로수 전정,DB_ONLY,0,0,2,9,,,
1-2-5#2,현장용접,DB_ONLY,0,0,1,1,,,
1-2-5#3,관목 전정,DB_ONLY,0,0,2,5,,,
1-2-6#3,수간보호,DB_ONLY,0,0,1,2,,,
1-2-7#2,철골세우기용 장비의 가설 및 해체이동,DB_ONLY,0,0,7,14,,,
1-2-7#3,줄기싸주기,DB_ONLY,0,0,1,2,,,
1-2-8#2,인력관수,DB_ONLY,0,0,6,12,,,
1-3,재료 및 노임의 할증,DB_ONLY,0,0,0,0,,,
1-3#2,보조기층,DB_ONLY,0,0,0,0,,,
1-3#3,데크플레이트,DB_ONLY,0,0,0,0,,,
1-3#4,스테인리스 강관,DB_ONLY,0,0,0,0,,,
1-3#5,철근콘크리트공사,DB_ONLY,0,0,0,0,,,
1-3-1#2,인력식 소규모장비 포설,DB_ONLY,0,0,1,5,,,
1-3-1#3,데크플레이트 가스절단,DB_ONLY,0,0,4,5,,,
1-3-1#4,용접접합,DB_ONLY,0,0,2,23,,,
1-3-2#2,기계포설(길어깨),DB_ONLY,0,0,1,5,,,
1-3-2#4,용접배관,DB_ONLY,0,0,2,19,,,
1-3-3#2,데크플레이트 설치,DB_ONLY,0,0,1,3,,,
1-3-3#3,그루브조인트식 접합 및 배관,DB_ONLY,0,0,2,14,,,
1-3-3#4,콘크리트 균열 보수(패커주입공법),DB_ONLY,0,0,5,7,,,
1-3-4,프레스식 접합 및 배관,DB_ONLY,0,0,4,14,,,
1-3-4#2,콘크리트 균열 보수(충전공법),DB_ONLY,0,0,5,8,,,
1-3-5,주름관 접합 및 배관,FAIL,4,15,0,0,0.0,SECTION_MISSING,원본 4개 테이블/15행이 DB에 없음
1-3-6,콘크리트 단면복구,FAIL,5,8,0,0,0.0,SECTION_MISSING,원본 5개 테이블/8행이 DB에 없음
1-3-7,워터젯 치핑,DB_ONLY,0,0,1,7,,,
1-4,품의 할증,FAIL,2,28,0,0,0.0,ROW_MISSING;TABLE_MISSING,원본 28행 vs DB 0행 (coverage 0.0%) | 원본에 2개 테이블이 있지만 DB에 0개
1-4#2,입도조정기층,DB_ONLY,0,0,0,0,,,
1-4#3,부대공사,DB_ONLY,0,0,0,0,,,
1-4#4,주철관,DB_ONLY,0,0,0,0,,,
1-4-1#2,부대철골 설치,DB_ONLY,0,0,3,6,,,
1-4-1#3,기계식접합 및 배관,DB_ONLY,0,0,1,7,,,
1-4-2,수밀밴드 접합 및 배관,FAIL,2,16,0,0,0.0,ROW_MISSING;TABLE_MISSING,원본 16행 vs DB 0행 (coverage 0.0%) | 원본에 2개 테이블이 있지만 DB에 0개
1-4-2#2,기계포설(길어깨),DB_ONLY,0,0,1,5,,,
1-4-2#4,수밀밴드 접합 및 배관,DB_ONLY,0,0,1,7,,,
1-4-3#2,기계포설(본선),DB_ONLY,0,0,1,4,,,
1-4-3#3,철골 내화 피복뿜칠,DB_ONLY,0,0,1,5,,,
1-4-4#2,경량형강철골조 조립설치,DB_ONLY,0,0,2,2,,,
1-4-6,작업제한,DB_ONLY,0,0,1,5,,,
1-5,기타,DB_ONLY,0,0,0,0,,,
1-5#2,아스콘 포장,DB_ONLY,0,0,0,0,,,
1-5#3,경질관,DB_ONLY,0,0,0,0,,,
1-5-1,텍코팅 및 프라임 코팅 살포,FAIL,3,16,0,0,0.0,ROW_MISSING;TABLE_MISSING,원본 16행 vs DB 0행 (coverage 0.0%) | 원본에 3개 테이블이 있지만 DB에 0개
1-5-1#2,텍코팅 및 프라임 코팅 살포,DB_ONLY,0,0,1,4,,,
1-5-1#3,접착제 접합 및 배관,DB_ONLY,0,0,1,10,,,
1-5-10,표준품셈 보완실사,DB_ONLY,0,0,0,0,,,
1-5-2,고무링 캡조임 접합 및 배관(일반 PVC),FAIL,2,22,0,0,0.0,ROW_MISSING;TABLE_MISSING,원본 22행 vs DB 0행 (coverage 0.0%) | 원본에 2개 테이블이 있지만 DB에 0개
1-5-2#2,아스팔트 기층 소규모포설,DB_ONLY,0,0,1,6,,,
1-5-2#3,고무링 캡조임 접합 및 배관(일반 PVC),DB_ONLY,0,0,1,10,,,
1-5-3,아스팔트 기층 기계포설(소형장비),FAIL,2,14,0,0,0.0,ROW_MISSING;TABLE_MISSING,원본 14행 vs DB 0행 (coverage 0.0%) | 원본에 2개 테이블이 있지만 DB에 0개
1-5-3#2,아스팔트 기층 기계포설(소형장비),DB_ONLY,0,0,1,8,,,
1-5-3#3,고무링 캡조임 접합 및 배관(고강도PVC),DB_ONLY,0,0,1,7,,,
1-5-4,환경관리비,DB_ONLY,0,0,0,0,,,
1-5-4#2,아스팔트 기층 기계포설(대형장비),DB_ONLY,0,0,1,9,,,
1-5-5#2,아스팔트 표층 소규모포설,DB_ONLY,0,0,1,6,,,
1-5-6,사용료,FAIL,1,10,0,0,0.0,ROW_MISSING;TABLE_MISSING,원본 10행 vs DB 0행 (coverage 0.0%) | 원본에 1개 테이블이 있지만 DB에 0개
1-5-6#2,아스팔트 표층 기계포설(소형장비),DB_ONLY,0,0,1,8,,,
1-5-7#2,아스팔트 표층 기계포설(대형장비),DB_ONLY,0,0,1,7,,,
1-5-8,종합시운전 및 조정비,DB_ONLY,0,0,0,0,,,
1-5-8#2,쇄석 매스틱 아스팔트(SMA) 표층 포설,DB_ONLY,0,0,1,6,,,
1-5-9,시공측량비,FAIL,3,22,0,0,0.0,ROW_MISSING;TABLE_MISSING,원본 22행 vs DB 0행 (coverage 0.0%) | 원본에 3개 테이블이 있지만 DB에 0개
1-5-9#2,배수성,DB_ONLY,0,0,1,6,,,
1-6,콘크리트 포장,DB_ONLY,0,0,0,0,,,
1-6#2,연질관,DB_ONLY,0,0,0,0,,,
1-6-1#2,폴리부틸렌(PB) 일반접합 및 배관,DB_ONLY,0,0,1,2,,,
1-6-2#2,폴리부틸렌(PB) 이중관 접합 및 배관,DB_ONLY,0,0,1,2,,,
1-6-3#2,가교화 폴리에틸렌관 접합 및 배관,DB_ONLY,0,0,1,2,,,
1-6-5,기계포설 장비조립 및 해체,DB_ONLY,0,0,1,8,,,
1-6-6,포장줄눈 절단,DB_ONLY,0,0,3,6,,,
1-6-7,포장줄눈 설치,FAIL,4,14,0,0,0.0,SECTION_MISSING,원본 4개 테이블/14행이 DB에 없음
1-7,저속도로포장,DB_ONLY,0,0,0,0,,,
1-7-3,투수아스팔트 표층 소규모포설,DB_ONLY,0,0,3,9,,,
1-7-5,탄성포장재 포설,DB_ONLY,0,0,3,9,,,
1-8-10,가드레일 설치,DB_ONLY,0,0,2,7,,,
1-8-12,중앙분리대 설치(콘크리트포설식),DB_ONLY,0,0,2,8,,,
1-8-14,표시못 설치,DB_ONLY,0,0,6,12,,,
1-8-15,L형측구 설치(포설식),FAIL,6,11,0,0,0.0,SECTION_MISSING,원본 6개 테이블/11행이 DB에 없음
1-8-4,도로표지병 설치,DB_ONLY,0,0,6,9,,,
1-8-6,볼라드 설치,DB_ONLY,0,0,1,2,,,
1-8-7,주차 블록 설치,DB_ONLY,0,0,2,3,,,
1-8-8,차선규제봉 설치,DB_ONLY,0,0,4,7,,,
1-9,부대공,DB_ONLY,0,0,0,0,,,
1-9-2,보차도 및 도로경계블록 설치,DB_ONLY,0,0,4,17,,,
1-9-3,낙석방지책 설치,FAIL,4,17,0,0,0.0,SECTION_MISSING,원본 4개 테이블/17행이 DB에 없음
10-1,창호,DB_ONLY,0,0,0,0,,,
10-1#2,소화함,DB_ONLY,0,0,0,0,,,
10-1-1,목재창호 설치,DB_ONLY,0,0,3,6,,,
10-1-1#2,옥내소화전함 설치,DB_ONLY,0,0,2,3,,,
10-1-2,강재창호 설치,DB_ONLY,0,0,0,0,,,
10-1-2#2,소화용구 격납상자 설치,DB_ONLY,0,0,2,6,,,
10-1-4,합성수지창호 설치,DB_ONLY,0,0,1,4,,,
10-1-5,셔터설치(장치포함),DB_ONLY,0,0,2,3,,,
10-2-1,알람밸브 설치,FAIL,5,9,0,0,0.0,ROW_MISSING;TABLE_MISSING,원본 9행 vs DB 0행 (coverage 0.0%) | 원본에 5개 테이블이 있지만 DB에 0개
10-2-2#2,준비작동식밸브 설치,DB_ONLY,0,0,1,4,,,
10-2-3,도어록 설치,DB_ONLY,0,0,5,8,,,
10-2-3#2,드라이밸브 설치,DB_ONLY,0,0,0,0,,,
10-2-4,관말시험밸브 설치,DB_ONLY,0,0,3,4,,,
10-3,유리,DB_ONLY,0,0,0,0,,,
10-3-1,지하식 설치,FAIL,5,12,0,0,0.0,SECTION_MISSING,원본 5개 테이블/12행이 DB에 없음
10-3-2#2,지상식 설치,DB_ONLY,0,0,2,3,,,
10-4,커튼월,DB_ONLY,0,0,2,2,,,
10-4#2,송수구,DB_ONLY,0,0,0,0,,,
10-4-1,알루미늄 프레임 설치,DB_ONLY,0,0,3,5,,,
10-4-2,외벽 패널 설치,FAIL,6,8,0,0,0.0,SECTION_MISSING,원본 6개 테이블/8행이 DB에 없음
10-4-2#2,방수구 설치,DB_ONLY,0,0,1,2,,,
10-4-3#2,연결송수구설치,DB_ONLY,0,0,0,0,,,
10-5,탱크,DB_ONLY,0,0,0,0,,,
10-5-2,마중물탱크설치,DB_ONLY,0,0,3,3,,,
10-7,소화용 헤드,DB_ONLY,0,0,0,0,,,
10-7-1,스프링클러 헤드설치,DB_ONLY,0,0,2,2,,,
10-8,소화기,DB_ONLY,0,0,0,0,,,
10-8-2,자동식 소화기 설치,DB_ONLY,0,0,3,5,,,
10-9-1,완강기 설치,FAIL,3,5,0,0,0.0,SECTION_MISSING,원본 3개 테이블/5행이 DB에 없음
11-1,공통공사,DB_ONLY,0,0,0,0,,,
11-1#2,강관,DB_ONLY,0,0,0,0,,,
11-1-1,콘크리트･모르타르면 바탕만들기,DB_ONLY,0,0,4,6,,,
11-1-1#2,용접접합,DB_ONLY,0,0,1,8,,,
11-1-2,석고보드면 바탕만들기,FAIL,6,34,0,0,0.0,SECTION_MISSING,원본 6개 테이블/34행이 DB에 없음
11-1-2#2,용접식 부설,DB_ONLY,0,0,2,16,,,
11-1-3,철재면 바탕만들기,DB_ONLY,0,0,1,2,,,
11-1-3#2,나사식 접합 및 배관,DB_ONLY,0,0,3,11,,,
11-1-4,목재면 바탕만들기,DB_ONLY,0,0,2,3,,,
11-1-5,도장 후 퍼티 및 연마,DB_ONLY,0,0,2,3,,,
11-2,페인트,DB_ONLY,0,0,0,0,,,
11-2#2,PE관,DB_ONLY,0,0,0,0,,,
11-2-1,버트 융착식 접합 및 부설,FAIL,4,15,0,0,0.0,ROW_MISSING;TABLE_MISSING,원본 15행 vs DB 0행 (coverage 0.0%) | 원본에 4개 테이블이 있지만 DB에 0개
11-2-1#2,버트 융착식 접합 및 부설,DB_ONLY,0,0,1,4,,,
11-2-10,걸레받이용 페인트칠,FAIL,7,10,0,0,0.0,ROW_MISSING;TABLE_MISSING,원본 10행 vs DB 0행 (coverage 0.0%) | 원본에 7개 테이블이 있지만 DB에 0개
11-2-2,수성페인트 롤러칠,DB_ONLY,0,0,1,2,,,
11-2-4,유성페인트 붓칠,DB_ONLY,0,0,1,4,,,
11-2-5,유성페인트 롤러칠,DB_ONLY,0,0,1,4,,,
11-2-7,오일스테인칠,DB_ONLY,0,0,3,4,,,
11-2-9,낙서방지용 페인트칠,DB_ONLY,0,0,3,5,,,
11-3,스프레이,DB_ONLY,0,0,0,0,,,
11-3#2,부속기기,DB_ONLY,0,0,1,15,,,
11-3-1,분기공 설치,FAIL,2,27,0,0,0.0,ROW_MISSING;TABLE_MISSING,원본 27행 vs DB 0행 (coverage 0.0%) | 원본에 2개 테이블이 있지만 DB에 0개
11-3-1#2,분기공 설치,DB_ONLY,0,0,1,12,,,
11-3-2,탄성코트칠,DB_ONLY,0,0,1,2,,,
11-3-2#2,밸브 설치,DB_ONLY,0,0,1,6,,,
11-3-3#2,직독식 가스미터 설치,DB_ONLY,0,0,4,6,,,
11-3-4,원격식 가스미터 설치,FAIL,6,14,0,0,0.0,ROW_MISSING;TABLE_MISSING,원본 14행 vs DB 0행 (coverage 0.0%) | 원본에 6개 테이블이 있지만 DB에 0개
12-1,계기반 및 함류,DB_ONLY,0,0,0,0,,,
12-1-1,계기반 설치,DB_ONLY,0,0,1,14,,,
12-2,자동제어기기,DB_ONLY,0,0,0,0,,,
12-2-1,자동제어기기 설치,DB_ONLY,0,0,1,21,,,
12-2-3,도압배관,DB_ONLY,0,0,1,8,,,
12-2-5,압축공기 발생장치 및 공기관 배관,DB_ONLY,0,0,1,21,,,
12-3,전선배선,DB_ONLY,0,0,0,0,,,
13-1,플랜트 배관,DB_ONLY,0,0,0,0,,,
13-1-6,Oil Flushing,DB_ONLY,0,0,1,8,,,
13-10,운반기계설비,DB_ONLY,0,0,0,0,,,
13-11,기타 기계설비,DB_ONLY,0,0,0,0,,,
13-11-1,일반기기 설치,DB_ONLY,0,0,1,6,,,
13-11-4,가설자재 손료율,DB_ONLY,0,0,1,8,,,
13-2,플랜트 용접,DB_ONLY,0,0,0,0,,,
13-3,배관 및 기기보온,DB_ONLY,0,0,0,0,,,
13-4,강재 제작 설치,DB_ONLY,0,0,1,7,,,
13-4-2,철골 가공조립,DB_ONLY,0,0,5,14,,,
13-4-4,강재류 조립설치,DB_ONLY,0,0,3,13,,,
13-4-7,탱크청소,FAIL,3,15,0,0,0.0,SECTION_MISSING,원본 3개 테이블/15행이 DB에 없음
13-5,화력발전 기계설비,DB_ONLY,0,0,0,0,,,
13-5-4,덕트 설치,DB_ONLY,0,0,4,26,,,
13-5-5,공기예열기(Preheater) 설치,FAIL,4,26,0,0,0.0,SECTION_MISSING,원본 4개 테이블/26행이 DB에 없음
13-6,수력발전 기계설비,DB_ONLY,0,0,0,0,,,
13-7,제철기계설비,DB_ONLY,0,0,1,6,,,
13-7-10,전등 Mud Gun 설치,DB_ONLY,0,0,2,22,,,
13-7-11,내화물(제철축로) 쌓기,FAIL,2,23,0,0,0.0,SECTION_MISSING,원본 2개 테이블/23행이 DB에 없음
13-7-12,Craft 및 Tomlex Spray 공사,DB_ONLY,0,0,1,2,,,
13-7-13,Castable Spray 공사,DB_ONLY,0,0,1,2,,,
13-7-17,균열로 본체 및 Recuperator실 조립설치,DB_ONLY,0,0,1,6,,,
13-7-19,Mill Line 기기류 조립설치,DB_ONLY,0,0,1,9,,,
13-7-2,노정장입 장치 기기 설치,DB_ONLY,0,0,1,9,,,
13-7-22,노 기밀 시험,DB_ONLY,0,0,3,17,,,
13-7-4,열풍로 본체 및 부속설비 설치,DB_ONLY,0,0,3,17,,,
13-7-5,열풍로 DECK 설치,FAIL,3,17,0,0,0.0,SECTION_MISSING,원본 3개 테이블/17행이 DB에 없음
13-7-6,주선기 본체 및 부속기기 설치,DB_ONLY,0,0,3,17,,,
13-7-7,Edge Mill 설치,FAIL,3,17,0,0,0.0,SECTION_MISSING,원본 3개 테이블/17행이 DB에 없음
13-7-8,제진기 본체 및 부속설비 설치,DB_ONLY,0,0,3,17,,,
13-7-9,Ventri Scrubber 본체 및 부속설비 설치,FAIL,3,17,0,0,0.0,SECTION_MISSING,원본 3개 테이블/17행이 DB에 없음
13-8,쓰레기소각 기계설비,FAIL,3,17,0,0,0.0,SECTION_MISSING,원본 3개 테이블/17행이 DB에 없음
13-8-3,덕트 제작 및 설치,DB_ONLY,0,0,1,7,,,
13-9,하수처리 기계설비,DB_ONLY,0,0,0,0,,,
13-9-1,수중펌프 설치,DB_ONLY,0,0,3,7,,,
13-9-3,산기장치 설치,DB_ONLY,0,0,3,5,,,
2-1,가설물의 한도,DB_ONLY,0,0,0,0,,,
2-1#2,사석,DB_ONLY,0,0,0,0,,,
2-1#3,벽돌,DB_ONLY,0,0,0,0,,,
2-1#4,덕트,DB_ONLY,0,0,0,0,,,
2-1#5,도로포장공사,DB_ONLY,0,0,0,0,,,
2-1-1#2,사석부설,DB_ONLY,0,0,0,0,,,
2-1-1#3,벽돌 쌓기,DB_ONLY,0,0,2,7,,,
2-1-1#5,교통통제 및 안전처리,DB_ONLY,0,0,0,0,,,
2-1-12,일체형 맨홀추락방지망 설치(아스팔트구간),DB_ONLY,0,0,1,8,,,
2-1-14,부착형 맨홀추락방지망 설치,DB_ONLY,0,0,1,3,,,
2-1-16,차선도색제거,DB_ONLY,0,0,1,4,,,
2-1-17,슬러리실,DB_ONLY,0,0,1,2,,,
2-1-19,현장가열 표층재생공법,DB_ONLY,0,0,1,7,,,
2-1-2#2,사석고르기,DB_ONLY,0,0,1,2,,,
2-1-2#3,치장쌓기 및 줄눈설치,DB_ONLY,0,0,2,9,,,
2-1-2#4,아연도금강판덕트(스파이럴덕트) 설치,DB_ONLY,0,0,4,17,,,
2-1-2#5,포장 절단,DB_ONLY,0,0,1,4,,,
2-1-21,교통 안전표지판 철거,DB_ONLY,0,0,1,3,,,
2-1-23,도로반사경 철거,DB_ONLY,0,0,1,3,,,
2-1-24,도로반사경 교체,DB_ONLY,0,0,5,11,,,
2-1-26,시선유도표지 철거,FAIL,6,14,0,0,0.0,ROW_MISSING;TABLE_MISSING,원본 14행 vs DB 0행 (coverage 0.0%) | 원본에 6개 테이블이 있지만 DB에 0개
2-1-27,보도용 블록 인력철거,DB_ONLY,0,0,5,13,,,
2-1-28,보도용 블록 장비사용 철거,FAIL,5,12,0,0,0.0,SECTION_MISSING,원본 5개 테이블/12행이 DB에 없음
2-1-3#3,"아스팔트 포장 절삭 후 아스팔트 덧씌우기(1회 절삭, 1회 포장)",DB_ONLY,0,0,1,11,,,
2-1-33,보차도 및 도로경계블록 재설치,DB_ONLY,0,0,2,10,,,
2-1-34,가드레일 철거,FAIL,3,12,0,0,0.0,ROW_MISSING;TABLE_MISSING,원본 12행 vs DB 0행 (coverage 0.0%) | 원본에 3개 테이블이 있지만 DB에 0개
2-1-4#3,"아스팔트 포장 절삭 후 아스팔트 덧씌우기(1회 절삭, 2회 포장)",DB_ONLY,0,0,3,16,,,
2-1-5#2,세대내 환기덕트 설치,DB_ONLY,0,0,8,13,,,
2-1-5#3,절삭 후 콘크리트 덧씌우기,DB_ONLY,0,0,1,9,,,
2-1-6#2,아스팔트 절삭 및 덧씌우기,DB_ONLY,0,0,1,12,,,
2-1-7,콘크리트 포장 절삭 후 아스팔트 덧씌우기,DB_ONLY,0,0,1,11,,,
2-10,피해방지시설,DB_ONLY,0,0,0,0,,,
2-10-1,비계주위 보호막 설치 및 해체,DB_ONLY,0,0,5,13,,,
2-10-2,방진망 설치 및 해체,FAIL,8,13,0,0,0.0,SECTION_MISSING,원본 8개 테이블/13행이 DB에 없음
2-10-3,터널방음문 설치 및 해체,DB_ONLY,0,0,1,5,,,
2-10-4,박스형 간이흙막이 설치 및 해체,DB_ONLY,0,0,1,3,,,
2-10-6,비탈면 보양,DB_ONLY,0,0,5,10,,,
2-11-3,준공청소,DB_ONLY,0,0,1,1,,,
2-11-4,입주청소,DB_ONLY,0,0,2,2,,,
2-11-5,비산먼지 발생 억제를 위한 살수,DB_ONLY,0,0,3,4,,,
2-11-6,자동세륜기 설치 및 해체,FAIL,7,7,0,0,0.0,SECTION_MISSING,원본 7개 테이블/7행이 DB에 없음
2-11-7,슬러지 제거,DB_ONLY,0,0,3,6,,,
2-11-8,지능형 CCTV 설치 및 해체,DB_ONLY,0,0,0,0,,,
2-12,공통장비,DB_ONLY,0,0,0,0,,,
2-12-1,건설용리프트 설치 및 해체,DB_ONLY,0,0,1,4,,,
2-12-2,마스트 설치 및 해체,DB_ONLY,0,0,5,5,,,
2-12-3,축중계 설치 및 해체,FAIL,6,10,0,0,0.0,SECTION_MISSING,원본 6개 테이블/10행이 DB에 없음
2-2,손율,DB_ONLY,0,0,0,0,,,
2-2#2,돌망태,DB_ONLY,0,0,1,4,,,
2-2#3,블록,DB_ONLY,0,0,0,0,,,
2-2#4,덕트기구,DB_ONLY,0,0,0,0,,,
2-2#5,궤도공사,DB_ONLY,0,0,0,0,,,
2-2-1,타원형 돌망태 설치,FAIL,6,32,0,0,0.0,SECTION_MISSING,원본 6개 테이블/32행이 DB에 없음
2-2-1#2,블록쌓기,DB_ONLY,0,0,4,16,,,
2-2-1#3,취출구 설치,DB_ONLY,0,0,1,15,,,
2-2-1#4,철도안전처리,DB_ONLY,0,0,0,0,,,
2-2-10,도상자갈철거(인력),DB_ONLY,0,0,3,7,,,
2-2-11,도상자갈철거(기계),FAIL,4,18,0,0,0.0,SECTION_MISSING,원본 4개 테이블/18행이 DB에 없음
2-2-13,궤도정정 및 이설,DB_ONLY,0,0,1,5,,,
2-2-14,교상가드레일 철거,DB_ONLY,0,0,3,6,,,
2-2-15,목침목 탄성체결장치 철거,FAIL,4,11,0,0,0.0,SECTION_MISSING,원본 4개 테이블/11행이 DB에 없음
2-2-2#2,매트리스형 돌망태 설치,DB_ONLY,0,0,1,4,,,
2-2-2#4,흡입구 설치,DB_ONLY,0,0,2,11,,,
2-2-2#5,궤광철거,DB_ONLY,0,0,1,9,,,
2-2-3#2,돌망태형옹벽 설치,DB_ONLY,0,0,1,4,,,
2-2-3#3,덕트 플렉시블 조인트 설치,DB_ONLY,0,0,1,8,,,
2-2-3#4,분기기 철거,DB_ONLY,0,0,1,3,,,
2-2-4,구조물 동바리,DB_ONLY,0,0,1,1,,,
2-2-4#2,일반댐퍼(사각) 설치,DB_ONLY,0,0,4,11,,,
2-2-4#3,레일교환(인력),DB_ONLY,0,0,1,10,,,
2-2-5#3,레일교환(기계),DB_ONLY,0,0,1,6,,,
2-2-6#2,제연댐퍼 설치,DB_ONLY,0,0,3,8,,,
2-2-6#3,침목교환(인력),DB_ONLY,0,0,3,16,,,
2-2-7#2,침목교환(기계),DB_ONLY,0,0,1,9,,,
2-2-9,분기기교환(기계),DB_ONLY,0,0,1,12,,,
2-3,가설건축물,DB_ONLY,0,0,0,0,,,
2-3#2,하천호안공,DB_ONLY,0,0,0,0,,,
2-3#3,ALC,DB_ONLY,0,0,4,11,,,
2-3#4,교량공사,DB_ONLY,0,0,0,0,,,
2-3-1#2,식생매트 설치,DB_ONLY,0,0,1,3,,,
2-3-1#4,강교보수 바탕처리(인력),DB_ONLY,0,0,1,3,,,
2-3-2#2,블록 붙이기(인력),DB_ONLY,0,0,1,2,,,
2-3-2#3,ALC패널 설치,DB_ONLY,0,0,1,6,,,
2-3-2#4,강교보수 바탕처리(장비),DB_ONLY,0,0,1,9,,,
2-4,가설울타리 및 가설방음벽,DB_ONLY,0,0,0,0,,,
2-4#2,관부설 및 접합,DB_ONLY,0,0,0,0,,,
2-4-1#2,상수관 세척,DB_ONLY,0,0,6,13,,,
2-4-11,CCTV조사,DB_ONLY,0,0,1,4,,,
2-4-3#2,관세관(스크레이퍼+워터젯트 병행 방법),DB_ONLY,0,0,2,15,,,
2-4-4#2,하수관 수밀시험,DB_ONLY,0,0,1,4,,,
2-4-5,가로형 가설방음판 설치 및 해체,DB_ONLY,0,0,1,3,,,
2-4-5#2,하수관 공기압시험,DB_ONLY,0,0,1,4,,,
2-4-7,하수관 준설(흡입식),DB_ONLY,0,0,6,13,,,
2-4-8,하수도 수로암거 준설(흡입식),FAIL,6,14,0,0,0.0,ROW_MISSING;TABLE_MISSING,원본 14행 vs DB 0행 (coverage 0.0%) | 원본에 6개 테이블이 있지만 DB에 0개
2-4-9,빗물받이 준설(인력식),DB_ONLY,0,0,4,6,,,
2-5,규준틀,DB_ONLY,0,0,0,0,,,
2-5-1,토공의 비탈 규준틀 설치 및 철거,DB_ONLY,0,0,1,2,,,
2-5-3,도로용 철재 수평규준틀 설치 및 철거,DB_ONLY,0,0,1,2,,,
2-6,동바리,DB_ONLY,0,0,0,0,,,
2-6-3,시스템 동바리 설치 및 해체,DB_ONLY,0,0,8,14,,,
2-6-5,잭서포트 설치 및 해체,FAIL,9,16,0,0,0.0,SECTION_MISSING,원본 9개 테이블/16행이 DB에 없음
2-7,비계,DB_ONLY,0,0,0,0,,,
2-7-1,강관비계 설치 및 해체,DB_ONLY,0,0,1,2,,,
2-7-2,시스템비계 설치 및 해체,DB_ONLY,0,0,1,2,,,
2-7-4,강관 조립말비계(이동식)설치 및 해체,DB_ONLY,0,0,2,11,,,
2-7-5,경사형 가설 계단 설치 및 해체,DB_ONLY,0,0,1,2,,,
2-7-7,비계용 브라켓 설치 및 해체,DB_ONLY,0,0,5,10,,,
2-8-10,안전난간대 설치 및 해체,DB_ONLY,0,0,4,7,,,
2-8-11,계단난간대 설치 및 해체,FAIL,10,13,0,0,0.0,SECTION_MISSING,원본 10개 테이블/13행이 DB에 없음
2-8-12,안전난간대 설치 및 해체(토목),DB_ONLY,0,0,4,6,,,
2-8-15,개구부 수평보호덮개 설치 및 해체,DB_ONLY,0,0,1,1,,,
2-8-16,강재거푸집 작업용 난간 설치 및 해체,DB_ONLY,0,0,1,1,,,
2-8-17,수평지지로프 설치 및 해체,DB_ONLY,0,0,0,0,,,
2-8-3,낙하물 방지망(시스템방호) 설치 및 해체,DB_ONLY,0,0,4,13,,,
2-8-4,교량 방호선반 설치 및 해체,FAIL,4,13,0,0,0.0,SECTION_MISSING,원본 4개 테이블/13행이 DB에 없음
2-8-5,교량 낙하물방지망 설치 및 해체,DB_ONLY,0,0,1,3,,,
2-8-6,철골 안전망 설치 및 해체,DB_ONLY,0,0,5,13,,,
2-8-7,비계주위 보호망 설치 및 해체,FAIL,6,13,0,0,0.0,SECTION_MISSING,원본 6개 테이블/13행이 DB에 없음
2-8-8,갱폼주위 보호망 설치 및 해체,DB_ONLY,0,0,4,7,,,
2-9,통행안전시설,DB_ONLY,0,0,0,0,,,
2-9-11,유도등 설치 및 해체,DB_ONLY,0,0,1,1,,,
2-9-12,사각지대 충돌방지장치 설치 및 해체,DB_ONLY,0,0,1,1,,,
2-9-2,건설용리프트 방호선반 설치 및 해체,DB_ONLY,0,0,0,0,,,
2-9-3,보행자 안전통로 설치 및 해체,DB_ONLY,0,0,1,1,,,
2-9-4,PE드럼 설치 및 해체,DB_ONLY,0,0,1,1,,,
2-9-6,PC가설방호벽 설치 및 해체,DB_ONLY,0,0,0,0,,,
2-9-7,가설휀스(H-Beam기초) 설치 및 해체,DB_ONLY,0,0,1,2,,,
2-9-8,PE가설휀스 설치 및 해체,DB_ONLY,0,0,0,0,,,
2-9-9,가림막 가설휀스 설치 및 해체,DB_ONLY,0,0,1,1,,,
3-1,공통사항,DB_ONLY,0,0,0,0,,,
3-1#2,공통사항,DB_ONLY,0,0,0,0,,,
3-1#3,공통공사,DB_ONLY,0,0,0,0,,,
3-1#4,배관보온,DB_ONLY,0,0,0,0,,,
3-1#5,구조물 철거공사,DB_ONLY,0,0,0,0,,,
3-1-1#2,바탕 고르기,DB_ONLY,0,0,3,5,,,
3-1-1#3,일반마감 배관보온,DB_ONLY,0,0,4,14,,,
3-1-1#4,콘크리트구조물 헐기(인력),DB_ONLY,0,0,1,3,,,
3-1-2,터널 여굴(餘掘)량,FAIL,6,29,0,0,0.0,ROW_MISSING;TABLE_MISSING,원본 29행 vs DB 0행 (coverage 0.0%) | 원본에 6개 테이블이 있지만 DB에 0개
3-1-2#2,터널 여굴(餘掘)량,DB_ONLY,0,0,1,1,,,
3-1-2#4,칼라함석마감 배관보온,DB_ONLY,0,0,1,14,,,
3-1-2#5,콘크리트구조물 헐기(기계),DB_ONLY,0,0,2,11,,,
3-1-3,철골재 철거(인력),DB_ONLY,0,0,5,12,,,
3-1-4,철골재 철거(기계),FAIL,5,12,0,0,0.0,SECTION_MISSING,원본 5개 테이블/12행이 DB에 없음
3-10,개간,DB_ONLY,0,0,0,0,,,
3-10-1,답면고르기,DB_ONLY,0,0,4,14,,,
3-11-1,머신 가이던스(MG) 굴착기,FAIL,4,14,0,0,0.0,SECTION_MISSING,원본 4개 테이블/14행이 DB에 없음
3-11-3,머신 가이던스(MG) 불도저,DB_ONLY,0,0,4,12,,,
3-2,굴착,DB_ONLY,0,0,0,0,,,
3-2#2,터널굴착,DB_ONLY,0,0,0,0,,,
3-2#4,밸브보온,DB_ONLY,0,0,0,0,,,
3-2#5,해체공사,DB_ONLY,0,0,0,0,,,
3-2-1#2,터널굴착 1발파당 싸이클 시간(Cycle Time),DB_ONLY,0,0,2,22,,,
3-2-1#3,떠붙이기,DB_ONLY,0,0,3,5,,,
3-2-1#4,일반마감 밸브보온,DB_ONLY,0,0,2,10,,,
3-2-1#5,금속기와 해체,DB_ONLY,0,0,0,0,,,
3-2-12,석면건축자재 해체,DB_ONLY,0,0,4,7,,,
3-2-2#2,기계굴착의 능력,DB_ONLY,0,0,3,6,,,
3-2-2#3,압착 붙이기,DB_ONLY,0,0,3,11,,,
3-2-2#4,함석마감 밸브보온,DB_ONLY,0,0,4,27,,,
3-2-2#5,흡음텍스 해체,DB_ONLY,0,0,0,0,,,
3-2-3#2,천공기계의 천공속도,DB_ONLY,0,0,2,13,,,
3-2-3#3,접착 붙이기,DB_ONLY,0,0,1,3,,,
3-2-3#4,경량천장철골틀 해체,DB_ONLY,0,0,2,3,,,
3-2-4#2,터널 굴착시 천공 및 버력처리 장비의 조합,DB_ONLY,0,0,3,9,,,
3-2-4#3,접착 붙이기(에폭시 접착제),DB_ONLY,0,0,1,4,,,
3-2-4#4,조적벽 해체,DB_ONLY,0,0,0,0,,,
3-2-5#2,경량벽체철골틀 해체,DB_ONLY,0,0,2,3,,,
3-2-8,PVC계바닥재 해체,DB_ONLY,0,0,1,2,,,
3-2-9,타일 해체,DB_ONLY,0,0,3,7,,,
3-3#2,현장 타설 콘크리트 라이닝,DB_ONLY,0,0,1,7,,,
3-3#3,덕트보온,DB_ONLY,0,0,0,0,,,
3-3-1#2,터널 철재거푸집 설치･해체･이동,DB_ONLY,0,0,1,6,,,
3-3-1#3,각형덕트 보온,DB_ONLY,0,0,1,2,,,
3-3-2#2,원형덕트 보온,DB_ONLY,0,0,1,2,,,
3-3-3,암발파(소규모진동제어발파 TYPE-Ⅲ),DB_ONLY,0,0,1,4,,,
3-3-4,암발파(중규모진동제어발파 TYPE-Ⅳ),DB_ONLY,0,0,1,4,,,
3-3-5,암발파(일반발파 TYPE-Ⅴ),DB_ONLY,0,0,1,4,,,
3-3-9,수중발파,DB_ONLY,0,0,1,9,,,
3-4,쌓기,DB_ONLY,0,0,0,0,,,
3-4#2,부대공,DB_ONLY,0,0,0,0,,,
3-4#3,발열선,DB_ONLY,0,0,0,0,,,
3-4#4,수선 및 보수공사,DB_ONLY,0,0,5,8,,,
3-4-1#2,터널 방수,DB_ONLY,0,0,4,10,,,
3-4-1#3,발열선 설치,DB_ONLY,0,0,1,2,,,
3-4-1#4,지붕 덧씌우기,DB_ONLY,0,0,1,2,,,
3-4-2#3,분전함 설치,DB_ONLY,0,0,2,3,,,
3-4-2#4,지붕 재설치,DB_ONLY,0,0,1,2,,,
3-4-3#2,터널바닥 암반청소,DB_ONLY,0,0,1,6,,,
3-4-3#3,도배 교체,DB_ONLY,0,0,5,4,,,
3-4-5#2,타일 교체,DB_ONLY,0,0,0,0,,,
3-4-6,되메우기 및 다짐(소형장비),DB_ONLY,0,0,1,5,,,
3-4-8,기초지정,DB_ONLY,0,0,1,5,,,
3-5,절토부대공,DB_ONLY,0,0,0,0,,,
3-5-1,절토면 고르기,DB_ONLY,0,0,1,6,,,
3-6,성토부대공,DB_ONLY,0,0,0,0,,,
3-6-1,성토면 고르기,DB_ONLY,0,0,4,5,,,
3-7-1,프리캐스트 콘크리트 블록설치,FAIL,5,10,0,0,0.0,ROW_MISSING;TABLE_MISSING,원본 10행 vs DB 0행 (coverage 0.0%) | 원본에 5개 테이블이 있지만 DB에 0개
3-7-2,지압판블록 설치,DB_ONLY,0,0,1,7,,,
3-7-3,천연섬유사면보호공 설치,DB_ONLY,0,0,4,9,,,
3-8,보강토 옹벽,DB_ONLY,0,0,3,9,,,
3-8-2,블록 설치,DB_ONLY,0,0,6,13,,,
3-8-4,뒤채움 및 다짐,FAIL,6,14,0,0,0.0,ROW_MISSING;TABLE_MISSING,원본 14행 vs DB 0행 (coverage 0.0%) | 원본에 6개 테이블이 있지만 DB에 0개
3-9,벌개제근,DB_ONLY,0,0,0,0,,,
3-9-1,벌목,DB_ONLY,0,0,1,3,,,
4-1,잔디 및 초화류,DB_ONLY,0,0,0,0,,,
4-1#2,공통공사,DB_ONLY,0,0,0,0,,,
4-1#3,구조목공사,DB_ONLY,0,0,0,0,,,
4-1#4,펌프,DB_ONLY,0,0,0,0,,,
4-1#5,일반기계설비 해체,DB_ONLY,0,0,0,0,,,
4-1-1,잔디붙임,DB_ONLY,0,0,5,12,,,
4-1-1#2,철도안전처리,DB_ONLY,0,0,0,0,,,
4-1-1#3,먹매김,DB_ONLY,0,0,3,4,,,
4-1-1#4,일반펌프 설치,DB_ONLY,0,0,1,12,,,
4-1-1#5,배관 해체,DB_ONLY,0,0,1,16,,,
4-1-2,집수정 배수펌프 설치,FAIL,4,36,0,0,0.0,SECTION_MISSING,원본 4개 테이블/36행이 DB에 없음
4-1-2#3,집수정 배수펌프 설치,DB_ONLY,0,0,1,6,,,
4-1-2#4,각형덕트 해체,DB_ONLY,0,0,1,3,,,
4-1-3,초류종자 살포(기계살포),FAIL,5,12,0,0,0.0,SECTION_MISSING,원본 5개 테이블/12행이 DB에 없음
4-1-3#2,마루바탕 설치,DB_ONLY,0,0,3,5,,,
4-1-3#3,펌프 방진가대 설치,DB_ONLY,0,0,1,12,,,
4-1-3#4,스파이럴덕트 해체,DB_ONLY,0,0,1,7,,,
4-1-4#3,배관보온 해체,DB_ONLY,0,0,2,14,,,
4-1-5#2,덕트보온 해체,DB_ONLY,0,0,3,9,,,
4-1-6,펌프 해체,DB_ONLY,0,0,0,0,,,
4-2,관목,DB_ONLY,0,0,0,0,,,
4-2#2,자갈궤도,DB_ONLY,0,0,0,0,,,
4-2#3,수장목공사,DB_ONLY,0,0,0,0,,,
4-2#4,송풍기 및 환풍기,DB_ONLY,0,0,0,0,,,
4-2#5,자동제어설비 해체,DB_ONLY,0,0,1,18,,,
4-2-1#2,궤광조립,DB_ONLY,0,0,1,5,,,
4-2-1#3,벽체틀 설치,DB_ONLY,0,0,1,2,,,
4-2-1#4,송풍기 설치,DB_ONLY,0,0,2,16,,,
4-2-1#5,철거 및 이설,DB_ONLY,0,0,1,1,,,
4-2-2#2,궤도양로,DB_ONLY,0,0,1,4,,,
4-2-2#3,칸막이벽틀 설치,DB_ONLY,0,0,3,5,,,
4-2-2#4,벽걸이 배기팬 설치,DB_ONLY,0,0,1,1,,,
4-2-3#2,자갈살포,DB_ONLY,0,0,1,4,,,
4-2-3#4,욕실배기팬 설치,DB_ONLY,0,0,6,9,,,
4-2-4#2,수장합판 설치,DB_ONLY,0,0,1,2,,,
4-3#4,수선 및 보수공사,DB_ONLY,0,0,0,0,,,
4-3-1#2,궤광조립,DB_ONLY,0,0,0,0,,,
4-3-1#4,유량계 교체,DB_ONLY,0,0,1,6,,,
4-3-2#2,궤광거치,DB_ONLY,0,0,1,12,,,
4-3-2#3,기초앵커 설치,DB_ONLY,0,0,1,2,,,
4-3-2#4,관갱생공,DB_ONLY,0,0,1,14,,,
4-3-3#2,타설후 정리,DB_ONLY,0,0,1,4,,,
4-3-3#3,목재데크틀 설치,DB_ONLY,0,0,1,5,,,
4-3-3#4,배관누수 검사,DB_ONLY,0,0,2,3,,,
4-3-4#2,목재데크 설치,DB_ONLY,0,0,1,2,,,
4-4,조경시설물,DB_ONLY,0,0,0,0,,,
4-4#2,분기기,DB_ONLY,0,0,0,0,,,
4-4-1,정원석 쌓기 및 놓기,DB_ONLY,0,0,1,2,,,
4-4-1#2,분기기 부설,DB_ONLY,0,0,2,9,,,
4-4-2#2,신축이음매 부설,DB_ONLY,0,0,0,0,,,
4-4-4,야자섬유매트포장,DB_ONLY,0,0,1,2,,,
4-5,궤도용접,DB_ONLY,0,0,0,0,,,
4-5-2,테르밋 용접,DB_ONLY,0,0,3,10,,,
4-6,부대공사,DB_ONLY,0,0,0,0,,,
4-6-1,자갈채집 및 운반,DB_ONLY,0,0,3,6,,,
4-6-3,레일 천공,DB_ONLY,0,0,2,4,,,
4-6-4,침목천공,FAIL,6,11,0,0,0.0,ROW_MISSING;TABLE_MISSING,원본 11행 vs DB 0행 (coverage 0.0%) | 원본에 6개 테이블이 있지만 DB에 0개
4-6-5,파워렌치 조임 및 해체,DB_ONLY,0,0,1,3,,,
4-6-6,타이템퍼 다짐,DB_ONLY,0,0,7,12,,,
4-6-9,교량침목고정장치 설치,FAIL,8,15,0,0,0.0,SECTION_MISSING,원본 8개 테이블/15행이 DB에 없음
5-1,흙막이 및 물막이,DB_ONLY,0,0,0,0,,,
5-1#2,강교제작(공장제작),DB_ONLY,0,0,0,0,,,
5-1#3,바닥,DB_ONLY,0,0,0,0,,,
5-1#4,밸브,DB_ONLY,0,0,0,0,,,
5-1-1,P,DB_ONLY,0,0,1,4,,,
5-1-1#2,강교 기본제작공수,DB_ONLY,0,0,1,7,,,
5-1-1#3,PVC계 바닥재 설치,DB_ONLY,0,0,12,27,,,
5-1-1#4,일반밸브 및 콕류 설치,DB_ONLY,0,0,1,5,,,
5-1-2#2,강교 제작공수 산정방법,DB_ONLY,0,0,12,24,,,
5-1-2#4,감압밸브장치 설치,DB_ONLY,0,0,1,6,,,
5-1-3#2,재료비,DB_ONLY,0,0,3,12,,,
5-1-3#3,플로어링 마루 설치,DB_ONLY,0,0,1,2,,,
5-1-4,흙막이판 설치･철거,DB_ONLY,0,0,3,11,,,
5-1-4#2,이중바닥 설치,DB_ONLY,0,0,4,6,,,
5-2,연약지반처리,DB_ONLY,0,0,0,0,,,
5-2#2,강교도장,DB_ONLY,0,0,0,0,,,
5-2#3,천장,DB_ONLY,0,0,2,3,,,
5-2#4,증기트랩,DB_ONLY,0,0,0,0,,,
5-2-1#2,소재 표면처리,DB_ONLY,0,0,1,3,,,
5-2-1#4,스팀트랩 장치 설치,DB_ONLY,0,0,1,2,,,
5-2-2#2,제품 표면처리,DB_ONLY,0,0,1,2,,,
5-2-2#3,열경화성수지천장판 설치,DB_ONLY,0,0,1,2,,,
5-2-3#2,도장재료 사용량,DB_ONLY,0,0,4,12,,,
5-2-4#2,도장,DB_ONLY,0,0,4,8,,,
5-3,말뚝,DB_ONLY,0,0,3,9,,,
5-3#4,플랙시블 이음 및 팽창이음,DB_ONLY,0,0,0,0,,,
5-3-1#3,석고판 설치(나사고정),DB_ONLY,0,0,4,8,,,
5-3-1#4,익스팬션조인트 설치,DB_ONLY,0,0,1,10,,,
5-3-2#2,강재거더 가설,DB_ONLY,0,0,3,8,,,
5-3-2#3,석고판 설치(접착제 붙임),DB_ONLY,0,0,7,9,,,
5-3-2#4,플랙시블커넥터 설치,DB_ONLY,0,0,1,10,,,
5-3-3#2,기타 부재 설치,DB_ONLY,0,0,3,7,,,
5-3-3#3,샌드위치(단열)패널 설치,DB_ONLY,0,0,16,28,,,
5-3-4,말뚝두부정리(콘크리트),DB_ONLY,0,0,1,3,,,
5-3-6,마루귀틀 설치,DB_ONLY,0,0,13,33,,,
5-3-7,도배바름,FAIL,13,34,0,0,0.0,SECTION_MISSING,원본 13개 테이블/34행이 DB에 없음
5-4#2,단열,DB_ONLY,0,0,14,34,,,
5-4#3,수격방지기,DB_ONLY,0,0,0,0,,,
5-4-1#3,수격방지기 설치,DB_ONLY,0,0,1,4,,,
5-4-2,단열재 접착제 붙이기,FAIL,14,32,0,0,0.0,SECTION_MISSING,원본 14개 테이블/32행이 DB에 없음
5-4-3,단열재 격자넣기,DB_ONLY,0,0,7,19,,,
5-4-5,단열재 타정 부착,DB_ONLY,0,0,2,8,,,
5-4-6,단열재 콘크리트타설 부착,DB_ONLY,0,0,8,20,,,
5-4-7,단열재 슬래브위 깔기,FAIL,10,28,0,0,0.0,SECTION_MISSING,원본 10개 테이블/28행이 DB에 없음
6-1,공통사항,FAIL,1,3,0,0,0.0,ROW_MISSING;TABLE_MISSING,원본 3행 vs DB 0행 (coverage 0.0%) | 원본에 1개 테이블이 있지만 DB에 0개
6-1#2,공통사항,DB_ONLY,0,0,1,3,,,
6-1#3,공통공사,DB_ONLY,0,0,0,0,,,
6-1#4,유량계,DB_ONLY,0,0,0,0,,,
6-1-1,레디믹스트콘크리트 타설,DB_ONLY,0,0,4,13,,,
6-1-1#2,바탕처리,DB_ONLY,0,0,7,10,,,
6-1-1#3,직독식 설치,DB_ONLY,0,0,1,4,,,
6-1-2,현장비빔타설,FAIL,4,13,0,0,0.0,SECTION_MISSING,원본 4개 테이블/13행이 DB에 없음
6-1-2#3,원격식 설치,DB_ONLY,0,0,2,4,,,
6-1-4#2,방수층 누름철물 설치,DB_ONLY,0,0,1,2,,,
6-1-5,에폭시(Epoxy) 콘크리트 접착제 바르기,DB_ONLY,0,0,3,6,,,
6-2,철근,DB_ONLY,0,0,0,0,,,
6-2#2,주철관,DB_ONLY,0,0,0,0,,,
6-2#3,도막방수,DB_ONLY,0,0,0,0,,,
6-2-1#2,타이튼 접합 및 부설,DB_ONLY,0,0,2,14,,,
6-2-1#3,도막바름,DB_ONLY,0,0,2,3,,,
6-2-2,현장가공,FAIL,7,29,0,0,0.0,SECTION_MISSING,원본 7개 테이블/29행이 DB에 없음
6-2-2#2,K,DB_ONLY,0,0,1,5,,,
6-2-2#3,보강포 붙임,DB_ONLY,0,0,2,3,,,
6-2-2#4,건물용 설치,DB_ONLY,0,0,3,6,,,
6-2-3#2,관 절단,DB_ONLY,0,0,5,26,,,
6-2-3#3,마감도료(Top-coat) 바름,DB_ONLY,0,0,0,0,,,
6-2-4,공장가공,FAIL,4,12,0,0,0.0,SECTION_MISSING,원본 4개 테이블/12행이 DB에 없음
6-2-5,철근의 기계적 이음,DB_ONLY,0,0,4,13,,,
6-3#2,강관,DB_ONLY,0,0,0,0,,,
6-3#3,시트 방수,DB_ONLY,0,0,0,0,,,
6-3-1#2,부설,DB_ONLY,0,0,2,28,,,
6-3-1#3,가열식시트 붙임,DB_ONLY,0,0,6,12,,,
6-3-2#2,용접 접합,DB_ONLY,0,0,2,21,,,
6-3-3#2,도장,DB_ONLY,0,0,2,19,,,
6-3-4,문양거푸집(판넬) 설치 및 해체,DB_ONLY,0,0,5,15,,,
6-3-4#2,절단,DB_ONLY,0,0,1,13,,,
6-3-5,합성수지(P,FAIL,5,15,0,0,0.0,SECTION_MISSING,원본 5개 테이블/15행이 DB에 없음
6-3-7,알루미늄폼 설치 및 해체,DB_ONLY,0,0,3,9,,,
6-3-8,갱폼 설치 및 해체,FAIL,3,10,0,0,0.0,ROW_MISSING;TABLE_MISSING,원본 10행 vs DB 0행 (coverage 0.0%) | 원본에 3개 테이블이 있지만 DB에 0개
6-4,포스트텐션(Post Tension) 구조물 제작,DB_ONLY,0,0,0,0,,,
6-4#2,P,DB_ONLY,0,0,0,0,,,
6-4#3,시멘트 모르타르계 방수,DB_ONLY,0,0,0,0,,,
6-4-1#2,T,DB_ONLY,0,0,3,8,,,
6-4-1#3,시멘트 액체방수 바름,DB_ONLY,0,0,0,0,,,
6-4-2#3,폴리머 시멘트 모르타르방수 바름,DB_ONLY,0,0,2,3,,,
6-4-4,시멘트 혼입 폴리머계 도막방수 바름,DB_ONLY,0,0,6,9,,,
6-5,교량 가설공,DB_ONLY,0,0,1,4,,,
6-5#2,P,DB_ONLY,0,0,0,0,,,
6-5-1#2,조임식 접합 및 부설,DB_ONLY,0,0,3,13,,,
6-5-3#2,벤토나이트방수 붙임,DB_ONLY,0,0,3,11,,,
6-5-4,바트융착 접합 및 부설,DB_ONLY,0,0,4,23,,,
6-5-5,분기관 천공 및 접합,FAIL,4,23,0,0,0.0,SECTION_MISSING,원본 4개 테이블/23행이 DB에 없음
6-6,교량 부대공,DB_ONLY,0,0,0,0,,,
6-6#2,원심력 철근콘크리트관,DB_ONLY,0,0,0,0,,,
6-6#3,부대공사,DB_ONLY,0,0,0,0,,,
6-6-1#2,소켓관 부설 및 접합,DB_ONLY,0,0,1,17,,,
6-6-1#3,수밀코킹,DB_ONLY,0,0,2,5,,,
6-6-2#2,수밀밴드 접합 및 부설,DB_ONLY,0,0,1,15,,,
6-6-2#3,줄눈 절단,DB_ONLY,0,0,1,3,,,
6-6-3#2,절단,DB_ONLY,0,0,1,9,,,
6-6-3#3,줄눈 설치,DB_ONLY,0,0,1,2,,,
6-6-4,교량신축이음장치 설치(철도교),DB_ONLY,0,0,3,7,,,
6-6-4#2,천공 및 접합,DB_ONLY,0,0,1,12,,,
6-6-5,교량점검시설 점검통로 설치,FAIL,4,12,0,0,0.0,SECTION_MISSING,원본 4개 테이블/12행이 DB에 없음
6-6-6,교량점검시설 점검계단 설치,DB_ONLY,0,0,1,4,,,
6-6-8,교량배수시설 설치,DB_ONLY,0,0,5,10,,,
6-7#2,기타관,DB_ONLY,0,0,0,0,,,
6-7-1,플륨관 설치,FAIL,7,32,0,0,0.0,SECTION_MISSING,원본 7개 테이블/32행이 DB에 없음
6-7-1#2,PC관 부설 및 접합,DB_ONLY,0,0,1,10,,,
6-7-2#2,파형강관 부설 및 접합,DB_ONLY,0,0,3,13,,,
6-7-3#2,유리섬유복합관 부설 및 접합,DB_ONLY,0,0,4,26,,,
6-7-4,PC기둥 설치,DB_ONLY,0,0,1,5,,,
6-7-4#2,내충격PVC수도관 부설 및 접합,DB_ONLY,0,0,1,7,,,
6-7-5#2,강관압입추진공,DB_ONLY,0,0,7,33,,,
6-7-7,PC슬래브 설치,DB_ONLY,0,0,1,4,,,
6-7-8,모르타르 주입,DB_ONLY,0,0,3,7,,,
6-7-9,모듈러 건축 설치,FAIL,4,12,0,0,0.0,SECTION_MISSING,원본 4개 테이블/12행이 DB에 없음
6-8,밸브,DB_ONLY,0,0,1,5,,,
7-1,돌쌓기,DB_ONLY,0,0,0,0,,,
7-1#2,설계기준,DB_ONLY,0,0,0,0,,,
7-1#3,지붕,DB_ONLY,0,0,0,0,,,
7-1#4,위생기구류,DB_ONLY,0,0,0,0,,,
7-1-1,메쌓기,DB_ONLY,0,0,1,3,,,
7-1-1#2,수중공사,DB_ONLY,0,0,3,11,,,
7-1-1#3,금속기와 잇기,DB_ONLY,0,0,1,2,,,
7-1-1#4,소변기 설치,DB_ONLY,0,0,1,2,,,
7-1-2#3,금속판 평잇기,DB_ONLY,0,0,4,6,,,
7-1-2#4,대변기 설치,DB_ONLY,0,0,1,2,,,
7-1-3#3,도기세면기 설치,DB_ONLY,0,0,1,2,,,
7-1-4#2,금속판 돌출잇기,DB_ONLY,0,0,5,9,,,
7-1-4#3,카운터형 세면기 설치(일체형),DB_ONLY,0,0,1,2,,,
7-1-5,아스팔트싱글 설치,FAIL,5,13,0,0,0.0,SECTION_MISSING,원본 5개 테이블/13행이 DB에 없음
7-1-5#2,카운터형 세면기 설치(분리형),DB_ONLY,0,0,6,9,,,
7-1-6,폴리카보네이트 설치,DB_ONLY,0,0,6,11,,,
7-2,돌붙임,DB_ONLY,0,0,0,0,,,
7-2#2,사석,DB_ONLY,0,0,0,0,,,
7-2#3,홈통,DB_ONLY,0,0,0,0,,,
7-2#4,수전,DB_ONLY,0,0,0,0,,,
7-2-1#2,적재 및 운반,DB_ONLY,0,0,3,4,,,
7-2-2#2,해상투하,DB_ONLY,0,0,1,3,,,
7-2-2#3,염화비닐 처마홈통 설치,DB_ONLY,0,0,1,2,,,
7-2-2#4,샤워수전 설치,DB_ONLY,0,0,4,5,,,
7-2-3,육상투하,DB_ONLY,0,0,1,3,,,
7-2-3#2,금속 선홈통 설치,DB_ONLY,0,0,1,1,,,
7-2-4#2,염화비닐 선홈통 설치,DB_ONLY,0,0,0,0,,,
7-2-4#3,씽크수전 설치,DB_ONLY,0,0,3,5,,,
7-2-5#2,물받이홈통 설치,DB_ONLY,0,0,1,2,,,
7-3,전석쌓기 및 깔기,DB_ONLY,0,0,0,0,,,
7-3#2,블록,DB_ONLY,0,0,0,0,,,
7-3#3,드레인,DB_ONLY,0,0,0,0,,,
7-3#4,욕실 부착물,DB_ONLY,0,0,0,0,,,
7-3-1#2,케이슨 진수,DB_ONLY,0,0,1,2,,,
7-3-1#3,루프드레인 설치,DB_ONLY,0,0,1,2,,,
7-3-1#4,욕실거울 설치,DB_ONLY,0,0,3,9,,,
7-3-2#2,케이슨 거치,DB_ONLY,0,0,4,10,,,
7-3-3,바닥배수구 설치,FAIL,4,12,0,0,0.0,SECTION_MISSING,원본 4개 테이블/12행이 DB에 없음
7-3-3#2,바닥배수구 설치,DB_ONLY,0,0,1,2,,,
7-3-4#2,안전손잡이 설치,DB_ONLY,0,0,1,2,,,
7-4#2,준설,DB_ONLY,0,0,1,2,,,
7-4-1,습식공법,FAIL,10,32,0,0,0.0,SECTION_MISSING,원본 10개 테이블/32행이 DB에 없음
7-4-1#2,배송관 접합,DB_ONLY,0,0,2,16,,,
7-4-2,앵커지지 공법,DB_ONLY,0,0,2,6,,,
7-4-2#2,배송관 띄우개(부함) 접합,DB_ONLY,0,0,4,23,,,
7-4-3,강재트러스 지지공법,FAIL,6,29,0,0,0.0,SECTION_MISSING,원본 6개 테이블/29행이 DB에 없음
7-4-6,펌프준설 매립시의 유실률,DB_ONLY,0,0,1,2,,,
7-4-7,매립설계수량,FAIL,1,3,0,0,0.0,ROW_MISSING;TABLE_MISSING,원본 3행 vs DB 0행 (coverage 0.0%) | 원본에 1개 테이블이 있지만 DB에 0개
8-1,보링,DB_ONLY,0,0,0,0,,,
8-1#2,제품,DB_ONLY,0,0,0,0,,,
8-1#3,냉동기 및 냉각탑,DB_ONLY,0,0,0,0,,,
8-1-1,건설기계 선정기준,DB_ONLY,0,0,3,13,,,
8-1-1#2,기계기구 설치,DB_ONLY,0,0,4,13,,,
8-1-1#3,계단논슬립 설치,DB_ONLY,0,0,8,13,,,
8-1-1#4,냉동기 반입,DB_ONLY,0,0,3,12,,,
8-1-2#4,냉동기 설치,DB_ONLY,0,0,1,7,,,
8-1-3#2,천공(암반층),DB_ONLY,0,0,1,2,,,
8-1-3#4,냉각탑 설치,DB_ONLY,0,0,6,78,,,
8-1-4,인서트(Insert) 설치,FAIL,8,10,0,0,0.0,ROW_MISSING;TABLE_MISSING,원본 10행 vs DB 0행 (coverage 0.0%) | 원본에 8개 테이블이 있지만 DB에 0개
8-1-5,기계경비 용어와 정의,DB_ONLY,0,0,0,0,,,
8-1-6,천장점검구 설치,FAIL,9,10,0,0,0.0,ROW_MISSING;TABLE_MISSING,원본 10행 vs DB 0행 (coverage 0.0%) | 원본에 9개 테이블이 있지만 DB에 0개
8-1-6#2,천장점검구 설치,DB_ONLY,0,0,9,11,,,
8-1-7,손료보정 등,DB_ONLY,0,0,0,0,,,
8-2,시공능력,DB_ONLY,0,0,1,3,,,
8-2#2,시험,DB_ONLY,0,0,1,8,,,
8-2#3,시설물,DB_ONLY,0,0,0,0,,,
8-2#4,공기조화기,DB_ONLY,0,0,0,0,,,
8-2-1#2,표준관입시험,DB_ONLY,0,0,1,8,,,
8-2-1#3,용접식난간 설치,DB_ONLY,0,0,6,13,,,
8-2-1#4,"공기가열기, 공기냉각기, 공기여과기 설치",DB_ONLY,0,0,1,16,,,
8-2-10,아스팔트 플랜트,DB_ONLY,0,0,1,5,,,
8-2-11,스테이빌라이저(노상안정기),FAIL,1,5,0,0,0.0,ROW_MISSING;TABLE_MISSING,원본 5행 vs DB 0행 (coverage 0.0%) | 원본에 1개 테이블이 있지만 DB에 0개
8-2-15,법면다짐기,DB_ONLY,0,0,1,2,,,
8-2-16,골재세척설비,DB_ONLY,0,0,0,0,,,
8-2-17,콘크리트 믹서,DB_ONLY,0,0,0,0,,,
8-2-18,콘크리트 배치플랜트(강제 혼합식),FAIL,1,2,0,0,0.0,ROW_MISSING;TABLE_MISSING,원본 2행 vs DB 0행 (coverage 0.0%) | 원본에 1개 테이블이 있지만 DB에 0개
8-2-2#2,베인전단시험,DB_ONLY,0,0,1,9,,,
8-2-2#4,패키지형 공기조화기 설치,DB_ONLY,0,0,4,11,,,
8-2-3#2,자연시료 채취,DB_ONLY,0,0,1,7,,,
8-2-3#3,철조망 울타리 설치,DB_ONLY,0,0,1,3,,,
8-2-3#4,공기조화기(Air Handling Unit) 설치,DB_ONLY,0,0,1,9,,,
8-2-4#2,평판재하시험,DB_ONLY,0,0,1,4,,,
8-2-4#3,경량천장철골틀 설치,DB_ONLY,0,0,3,6,,,
8-2-4#4,천장형 에어컨 설치,DB_ONLY,0,0,2,15,,,
8-2-5#2,동재하시험,DB_ONLY,0,0,0,0,,,
8-2-5#4,전열교환기 설치,DB_ONLY,0,0,3,10,,,
8-2-6#2,정재하시험,DB_ONLY,0,0,1,4,,,
8-2-7#2,콘관입시험,DB_ONLY,0,0,1,4,,,
8-3#2,물리탐사,DB_ONLY,0,0,0,0,,,
8-3#3,기타공사,DB_ONLY,0,0,0,0,,,
8-3-1#2,굴절법 탄성파 탐사,DB_ONLY,0,0,1,6,,,
8-3-1#3,잡철물 제작 및 설치,DB_ONLY,0,0,2,6,,,
8-3-1#4,보일러 설치,DB_ONLY,0,0,0,0,,,
8-3-2#2,2차원 전기비저항탐사,DB_ONLY,0,0,1,6,,,
8-3-2#3,경유보일러 설치,DB_ONLY,0,0,1,1,,,
8-3-3#2,가스보일러(가정용) 설치,DB_ONLY,0,0,1,2,,,
8-3-4#2,온수보일러 설치,DB_ONLY,0,0,1,5,,,
8-3-5#2,전기보일러 설치,DB_ONLY,0,0,2,4,,,
8-3-6#2,방열기,DB_ONLY,0,0,1,11,,,
8-3-7#2,전기콘벡터 설치,DB_ONLY,0,0,1,1,,,
8-4,운전경비 산정,DB_ONLY,0,0,0,0,,,
8-4#2,대구경 보링(지하수개발),DB_ONLY,0,0,0,0,,,
8-4#3,온수기 및 온수분배기,DB_ONLY,0,0,0,0,,,
8-4-1#2,"천공(토사, 모래, 자갈 및 호박돌층)",DB_ONLY,0,0,3,27,,,
8-4-1#3,전기온수기 설치,DB_ONLY,0,0,1,1,,,
8-4-2#2,천공(암반층),DB_ONLY,0,0,6,52,,,
8-4-2#3,전기온수기(벽걸이형) 설치,DB_ONLY,0,0,5,13,,,
8-4-3#2,폐공 되메우기,DB_ONLY,0,0,1,4,,,
8-4-4,[30]포장기계,DB_ONLY,0,0,2,27,,,
8-5,기계가격,DB_ONLY,0,0,2,8,,,
8-6,부수장비,DB_ONLY,0,0,0,0,,,
8-6-1,로터리 오일 버너,DB_ONLY,0,0,1,4,,,
9-1,기준점 측량,DB_ONLY,0,0,0,0,,,
9-1#2,모르타르 바름 및 타설,DB_ONLY,0,0,0,0,,,
9-1#3,지지금구,DB_ONLY,0,0,0,0,,,
9-1-1#2,모르타르 배합,DB_ONLY,0,0,3,7,,,
9-1-1#3,입상관 방진가대 설치,DB_ONLY,0,0,1,10,,,
9-1-2#2,모르타르 바름,DB_ONLY,0,0,2,7,,,
9-1-2#3,잡철물 제작 및 설치,DB_ONLY,0,0,1,4,,,
9-1-3#2,모르타르 타설,DB_ONLY,0,0,2,8,,,
9-1-4#2,표면 마무리,DB_ONLY,0,0,4,7,,,
9-1-5#2,라스 붙임,DB_ONLY,0,0,1,1,,,
9-10,축척변경 측량,DB_ONLY,0,0,0,0,,,
9-11,지적확정측량,DB_ONLY,0,0,0,0,,,
9-12,예정지적좌표도 작성업무,DB_ONLY,0,0,0,0,,,
9-13,지적재조사측량,DB_ONLY,0,0,0,0,,,
9-14,경계복원 측량,DB_ONLY,0,0,0,0,,,
9-15,지적현황 측량,DB_ONLY,0,0,2,8,,,
9-16,도시계획선명시 측량,DB_ONLY,0,0,0,0,,,
9-17,도면작성 및 조서작성,DB_ONLY,0,0,0,0,,,
9-17-2,자동제도(좌표입력),DB_ONLY,0,0,9,32,,,
9-17-3,자동제도(파일제공),FAIL,7,33,0,0,0.0,SECTION_MISSING,원본 7개 테이블/33행이 DB에 없음
9-2,수준측량,DB_ONLY,0,0,0,0,,,
9-2#2,콘크리트면 마무리,DB_ONLY,0,0,0,0,,,
9-2-1#2,콘크리트면 정리,DB_ONLY,0,0,3,5,,,
9-2-2#3,녹막이페인트 칠,DB_ONLY,0,0,4,11,,,
9-2-3#2,전면 마감,DB_ONLY,0,0,3,6,,,
9-2-3#3,유성페인트 칠,DB_ONLY,0,0,1,2,,,
9-3,지형 및 토지측량,DB_ONLY,0,0,0,0,,,
9-3#2,충전,DB_ONLY,0,0,1,2,,,
9-3#3,슬리브,DB_ONLY,0,0,0,0,,,
9-3-1#3,슬리브 설치,DB_ONLY,0,0,1,4,,,
9-3-2#2,창호주위 발포우레탄 충전,DB_ONLY,0,0,7,11,,,
9-3-2#3,배관을 위한 구멍뚫기,DB_ONLY,0,0,1,8,,,
9-3-6,도시계획선(인선),DB_ONLY,0,0,4,14,,,
9-4#2,배관관리 및 시험,DB_ONLY,0,0,1,12,,,
9-4-1#2,기밀시험,DB_ONLY,0,0,1,2,,,
9-4-2#2,시험점화,DB_ONLY,0,0,2,3,,,
9-5,지도제작,DB_ONLY,0,0,0,0,,,
9-5-1#2,시운전,DB_ONLY,0,0,0,0,,,
9-5-2#2,건물의 냉난방 및 공조설비 정밀진단(T,DB_ONLY,0,0,0,0,,,
9-5-3,사진 기준점 측량,DB_ONLY,0,0,1,6,,,
9-5-8,상각비 산정,DB_ONLY,0,0,4,18,,,
9-6,지적기준점측량,DB_ONLY,0,0,0,0,,,
9-7,신규등록측량,DB_ONLY,0,0,0,0,,,
9-8,등록전환 측량,DB_ONLY,0,0,0,0,,,
9-9,분할측량,DB_ONLY,0,0,0,0,,,
